section,regime,trial,score,vol_method,vol_lookback,short_window,long_window,min_holding_period,trend_strength_threshold,regime_method,n_regimes,regime_stability,target_vol,max_drawdown_exit,sharpe_ratio,total_return,max_drawdown,sortino_ratio,calmar_ratio
0,0,0,7.697119963393474,parkinson,58,21,33,24,0.25,quantile,3,12,0.6,0.27,3.3897211869343424,1.2004518739852608,-0.25320169232490486,5.462071187865688,0.14912794060717918
0,0,1,4.893108024880865,parkinson,86,17,131,6,0.15000000000000002,hmm,3,12,0.6,0.12000000000000001,2.5978755600886845,1.2429546040828243,-0.3487761034691004,5.923175379105865,0.11157414996908344
0,0,2,7.159435973673778,parkinson,177,14,183,12,0.30000000000000004,quantile,2,24,0.5,0.2,1.9485812203320003,1.2370290727015556,-0.23125828193658116,7.156066572485227,0.1644419010525796
0,0,3,9.678628095804354,parkinson,70,5,184,24,0.15000000000000002,hmm,3,48,0.6,0.13,4.002969316879355,1.5354286874729355,-0.29335212318484494,6.484966233860155,0.1496152170144438
0,0,4,9.36807106741135,parkinson,52,7,109,6,0.15000000000000002,hmm,3,48,0.39999999999999997,0.17,4.495890483362662,1.4240251651460039,-0.24725787032796542,6.903701234349962,0.16470387241987444
0,0,5,9.886077047469204,parkinson,28,11,163,18,0.15000000000000002,quantile,3,24,0.39999999999999997,0.16,5.517174502392376,1.4254979592546033,-0.14553727887378998,8.828006688323683,0.2745072998865072
0,0,6,7.643956285577773,parkinson,160,17,92,18,0.25,quantile,2,12,0.7,0.1,2.2649269776298078,1.302298559352574,-0.26498184992769325,5.808843428344932,0.15024833682753638
0,0,7,2.094876061862345,parkinson,37,22,230,24,0.35,quantile,2,12,0.75,0.22,1.4564805213673362,0.27332716023573544,-0.17037267010763446,2.015983641995638,0.06677976189244661
0,0,8,5.857227193528467,parkinson,194,21,235,12,0.2,hmm,3,60,0.55,0.12000000000000001,0.7426334199450578,1.0971820967111876,-0.19398568811068384,6.651163501841334,0.18224620552137122
0,0,9,9.133484496416683,parkinson,138,11,96,18,0.35,quantile,2,48,0.65,0.22,3.431109147145935,1.4835859845687431,-0.2619184970648364,6.36741870684729,0.16396622243477946
0,0,10,6.621396230680746,parkinson,16,10,165,18,0.1,quantile,3,36,0.35,0.3,5.4911184298986475,0.7751674031462845,-0.07244805101740726,7.167428606128902,0.3462971904679442
0,0,11,4.896325325616863,parkinson,96,6,189,24,0.1,hmm,3,72,0.44999999999999996,0.15000000000000002,2.583294569102828,1.1414343558414535,-0.30040692851011985,5.490036175158568,0.1208378154915524
0,0,12,2.184555274051019,parkinson,11,5,152,24,0.15000000000000002,hmm,3,36,0.5,0.16,2.3749304361120953,0.19941801119899427,-0.13840105335591424,2.000562813405849,0.058132583710210795
0,0,13,5.586868003099179,parkinson,77,10,203,18,0.2,hmm,3,24,0.35,0.18,2.807414376138145,0.8366321630060212,-0.2521904332773687,4.618416597122254,0.11321130582153982
0,0,14,10.427739327021706,parkinson,136,8,154,12,0.15000000000000002,quantile,3,60,0.44999999999999996,0.14,3.5696717333142827,1.7285806920729128,-0.14665273992007588,10.662570415988386,0.3148688792020885
0,0,15,10.035075834266545,parkinson,124,12,53,12,0.1,quantile,3,72,0.44999999999999996,0.14,3.596030676860697,1.6474120991672394,-0.13913363368641019,9.890595480940872,0.32245689643187087
0,0,16,9.402276434054784,parkinson,123,13,42,12,0.1,quantile,3,72,0.44999999999999996,0.1,3.8036517556940908,1.5000901112415477,-0.11287702241928876,9.370784049189142,0.3751256324205377
0,0,17,10.227017723244439,parkinson,117,8,61,12,0.1,quantile,2,60,0.5,0.2,3.6596218598394197,1.679441358664946,-0.1622549022916535,8.882594463734083,0.2811002813008382
0,0,18,7.759934555881013,parkinson,145,8,72,6,0.2,quantile,2,60,0.5,0.25,2.489268622777916,1.303060048898411,-0.25255364160514315,6.170106056280212,0.1565040589839396
0,0,19,7.6074928115032066,parkinson,103,8,129,12,0.1,quantile,2,60,0.39999999999999997,0.19,2.4893499619025943,1.272563566110382,-0.25387746620072693,7.955748044027564,0.14983769186346685
0,0,20,11.71605518864456,parkinson,118,16,73,6,0.2,quantile,2,60,0.55,0.22,4.3749762803011,1.9057134096988024,-0.15722120873584833,9.291328838630298,0.31256589683123576
0,0,21,11.102237323433123,parkinson,118,16,66,6,0.2,quantile,2,60,0.55,0.22,4.151588151983555,1.8052886494882694,-0.15157663129580468,8.95370017238491,0.3143890078049523
0,0,22,8.09015742814664,parkinson,150,19,78,6,0.25,quantile,2,60,0.55,0.24000000000000002,2.712561271978913,1.3467753584314366,-0.2643933726315393,6.2113235100288415,0.1529424986457921
0,0,23,8.083629378589698,parkinson,164,16,112,6,0.2,quantile,2,72,0.55,0.22,2.72535441124507,1.3441904345934326,-0.2626594925336192,6.423103642666868,0.1535908258985017
0,0,24,10.793806223587882,parkinson,133,24,83,6,0.2,quantile,2,48,0.65,0.26,3.640959816231964,1.7946652630943802,-0.1608497556680022,9.45898072489432,0.29577641134834853
0,0,25,10.604653971743481,parkinson,108,19,79,6,0.30000000000000004,quantile,2,48,0.65,0.28,3.7489666968629085,1.7460341246624056,-0.20987421840538378,8.55683084331374,0.2238977674542069
0,0,26,7.081177287912088,parkinson,95,24,62,6,0.2,quantile,2,36,0.65,0.25,3.835716984176446,1.6654688125494754,-0.3088299377185212,6.657945459884287,0.14961387275257076
0,0,27,9.258696339597257,parkinson,129,24,98,6,0.25,quantile,2,48,0.7,0.24000000000000002,3.6180833409103563,1.4899309338284157,-0.24458784261328326,6.388015701973263,0.17630298037925696
0,0,28,7.195115010763896,parkinson,185,15,33,6,0.30000000000000004,quantile,2,60,0.6,0.27,2.088177658558309,1.2302052362969484,-0.17960818093462783,7.040198714768035,0.21092189260422664
0,0,29,6.372971461033093,parkinson,117,19,49,6,0.25,quantile,2,48,0.7,0.29000000000000004,3.8099624648894324,0.8935980457176753,-0.13668809782508562,5.149557379564018,0.2110805806581765
0,0,30,6.041022981784707,parkinson,169,22,110,6,0.2,quantile,2,72,0.75,0.27,2.265635286754776,0.9816410676814638,-0.24992161307652083,5.052742494010157,0.13185660373172256
0,0,31,10.106521611106741,parkinson,110,18,78,6,0.30000000000000004,quantile,2,48,0.65,0.28,3.4858467680415868,1.6727196454171898,-0.217565591410543,8.322128028816048,0.21077850393155792
0,0,32,10.039881527395126,parkinson,86,19,84,6,0.30000000000000004,quantile,2,36,0.6,0.26,3.6738966486762155,1.6405866406114038,-0.29592898342390306,7.0390752114626824,0.15466215683522827
0,0,33,9.611389066362351,parkinson,107,15,67,6,0.2,quantile,2,48,0.65,0.23,3.32036751258451,1.590241062014019,-0.23721404742276786,7.773646039286016,0.18794679439459483
0,0,34,6.848313885197661,parkinson,147,17,30,6,0.25,quantile,2,60,0.6,0.21000000000000002,2.501776187881486,1.1194851582513836,-0.22694345802718985,5.2606295013447495,0.15898590021520798
0,0,35,13.11214455872784,parkinson,62,14,22,6,0.25,quantile,2,48,0.6,0.3,6.009125492397661,2.021516362505802,-0.20456680871336663,7.708553692036843,0.24989993893652662
0,0,36,8.539257221019161,parkinson,57,14,25,12,0.15000000000000002,quantile,2,48,0.55,0.3,5.761326815911491,1.131718762612683,-0.18739301863922042,5.181753313291366,0.18127984878625442
0,0,37,8.839473769449153,parkinson,78,13,45,6,0.25,hmm,2,60,0.55,0.26,3.9727952309249104,1.3706152307973398,-0.22701134875598827,6.311657637210725,0.18007788219246587
0,0,38,6.161595625358988,parkinson,41,16,124,6,0.2,quantile,2,36,0.6,0.2,4.424451805460138,0.7898739445257836,-0.2098675631640462,4.122088736504785,0.1272192842714286
0,0,39,6.37467671542911,parkinson,91,21,57,12,0.15000000000000002,quantile,2,48,0.6,0.24000000000000002,3.3285724090735545,1.5020383920657685,-0.305172828265979,6.384747574918842,0.14259516285439683
0,0,40,8.648407399510297,parkinson,67,13,38,12,0.25,hmm,2,24,0.5,0.29000000000000004,4.068536685804205,1.322827811321639,-0.262543473373004,6.116801595034898,0.15175196604738744
0,1,0,7.271933145977747,parkinson,120,14,165,6,0.25,quantile,3,72,0.7,0.25,3.3169488720076625,1.122691741994783,-0.2622281673363287,2.441793339548933,0.07895237417491023
0,1,1,7.174213641308999,parkinson,158,6,191,18,0.2,hmm,3,72,0.5,0.14,3.444242988168628,1.090418429444937,-0.21956001388624957,2.805172185667378,0.0877106348656501
0,1,2,6.523451914970388,parkinson,131,16,214,24,0.25,quantile,3,24,0.44999999999999996,0.18,3.514257234744777,0.9532646595195999,-0.2049495300359614,2.7358746247388797,0.08504489809713671
0,1,3,2.8754924694106703,parkinson,98,24,54,12,0.30000000000000004,quantile,2,12,0.55,0.18,3.075942075481641,0.6013624840936542,-0.3672982451525245,1.5593101590996534,0.03794828632076504
0,1,4,7.109834454749116,parkinson,194,12,231,18,0.2,hmm,3,48,0.65,0.29000000000000004,3.5782732443875576,1.0641395665110673,-0.2813688836821602,2.394601426736836,0.06838262705637986
0,1,5,5.471540516351321,parkinson,104,10,179,6,0.15000000000000002,hmm,3,24,0.35,0.12000000000000001,2.9179032028353493,0.8025177829867292,-0.20340671789263443,2.737527277720625,0.07595370662823903
0,1,6,3.4713783393752515,parkinson,28,14,237,24,0.15000000000000002,hmm,3,60,0.6,0.11,1.4563594053756066,0.5486397273374897,-0.1988501434553036,1.7495630982175931,0.05949658413255778
0,1,7,6.100793768325901,parkinson,114,9,198,12,0.25,hmm,2,12,0.35,0.28,3.1986197106605796,0.9002967825991222,-0.17309882948727995,3.1631963650020127,0.09559006884620924
0,1,8,7.1265861374716595,parkinson,116,7,216,24,0.35,hmm,2,36,0.35,0.14,3.9687557308400687,1.028441654410325,-0.1407865545797643,3.3731862405802056,0.12806892614336302
0,1,9,2.972590841200618,parkinson,105,20,150,12,0.30000000000000004,hmm,2,48,0.65,0.12000000000000001,2.9991397378397298,0.5546622705653736,-0.3043123159914477,1.5163982491640955,0.042267326428900555
0,1,10,3.404541024859733,parkinson,49,17,102,6,0.1,quantile,3,72,0.75,0.24000000000000002,2.5429385123869004,0.7511151715882547,-0.3227550285381243,1.9460021400547967,0.050468148221873996
0,1,11,9.0750060168526,parkinson,168,5,141,18,0.2,quantile,3,72,0.5,0.23,3.6122585237075087,1.453775350999769,-0.21538324712636892,3.37239396286165,0.10890311439774107
0,1,12,8.243541688981685,parkinson,172,5,118,18,0.25,quantile,3,60,0.75,0.24000000000000002,3.264391414378618,1.3222691963584752,-0.29127819543738076,2.755608121074885,0.07767568372585806
0,1,13,6.216606149394864,parkinson,200,5,122,18,0.15000000000000002,quantile,3,60,0.44999999999999996,0.22,3.4069529805440486,0.902625931824568,-0.22893515782642415,2.640541257526996,0.07305879861692206
0,1,14,8.433025871276223,parkinson,158,9,81,18,0.30000000000000004,quantile,3,60,0.55,0.26,4.146521902659576,1.2719529839892871,-0.22934926679532408,2.827495402852196,0.0935407836852991
0,1,15,6.796760949445309,parkinson,154,9,73,18,0.35,quantile,3,60,0.55,0.27,3.444002716764942,1.0149519182125677,-0.23922024695043953,2.4339062838250904,0.07781978103087535
0,1,16,6.439351854086168,parkinson,73,11,81,12,0.30000000000000004,quantile,3,72,0.44999999999999996,0.21000000000000002,3.662089844819229,0.9216613863353107,-0.2700696430310898,2.4688474332972636,0.06562527010736233
0,1,17,10.069358872259688,parkinson,142,8,30,24,0.2,quantile,2,48,0.55,0.26,4.324212907642953,1.5814504836876422,-0.17555970539275767,3.4779718503530495,0.13754804288072803
0,1,18,9.895882363013433,parkinson,139,7,21,24,0.1,quantile,2,36,0.5,0.3,3.874661376113464,1.59171033499134,-0.1327462858812033,3.8005543788755913,0.1825496387645218
0,1,19,9.344458067123615,parkinson,139,7,22,24,0.1,quantile,2,36,0.39999999999999997,0.3,4.3373956441309,1.435152049011633,-0.12837437121691997,4.360753558265521,0.17354532593843636
0,2,0,1.5795103573441727,parkinson,200,23,89,24,0.25,hmm,3,24,0.75,0.16,1.7051543269401783,0.34232204595690785,-0.3840113396161119,1.4597397931693008,0.04345815796179455
0,2,1,1.9606192294428162,parkinson,197,8,80,18,0.30000000000000004,quantile,2,36,0.75,0.3,2.024055362445837,0.40430704743053947,-0.35369092970958715,1.6212611710668539,0.05203545718930358
0,2,2,2.7012306662067855,parkinson,142,16,124,24,0.25,quantile,3,24,0.6,0.28,1.9636367210716472,0.3438824611341924,-0.23594290964881615,1.6013150284137778,0.06293218369213861
0,2,3,0.9435152040764766,parkinson,106,7,69,18,0.30000000000000004,quantile,2,36,0.7,0.21000000000000002,0.536704469791401,0.26702837857156947,-0.41158798916319317,1.360304526199938,0.03685123254369673
0,2,4,2.4848076221891384,parkinson,81,23,71,24,0.15000000000000002,quantile,3,36,0.39999999999999997,0.22,1.2141716381325292,0.37554436062457475,-0.2407753733535366,2.1710349043158574,0.0590537797175207
0,2,5,1.320516006457799,parkinson,85,17,197,18,0.15000000000000002,hmm,2,60,0.39999999999999997,0.19,0.6226679628274496,0.20183640500881483,-0.244151712335669,1.3697113153334535,0.03627941865008566
0,2,6,2.4548529773603516,parkinson,186,15,145,18,0.15000000000000002,quantile,2,48,0.44999999999999996,0.3,1.9442192066232018,0.2965486748097501,-0.23824807594856612,1.6799895834110345,0.0505237745297112
0,2,7,0.599787428939049,parkinson,23,8,42,12,0.35,quantile,3,36,0.39999999999999997,0.23,0.36374583481651085,0.08358290230615872,-0.2505979797911162,0.7381825202047949,0.02023977597594114
0,2,8,-0.008858884106211712,parkinson,35,17,64,18,0.30000000000000004,hmm,3,48,0.75,0.21000000000000002,1.4512869819016956,-0.14808219689876345,-0.40010915999829477,-0.22069038104394678,-0.0062741655607012736
0,2,9,3.6930304129462845,parkinson,193,21,105,6,0.1,quantile,2,72,0.6,0.19,2.275530949384841,0.5110529876507728,-0.21887064580478321,2.155603313529306,0.08856965052006896
0,2,10,2.542782156407605,parkinson,153,20,229,6,0.1,hmm,2,72,0.55,0.1,1.9923693872355042,0.30931949255797053,-0.2279070088930878,1.4991817835058325,0.059752460328313835
0,2,11,3.0420810590165144,parkinson,149,20,125,6,0.2,quantile,3,12,0.6,0.26,2.47939373781939,0.3604768380213639,-0.28333587980450625,1.608643368856536,0.05501228808504029
0,2,12,2.0101677217208436,parkinson,151,21,136,6,0.1,quantile,3,12,0.6,0.26,2.1654007840510254,0.3638002483775209,-0.30724520459740967,1.6233922910354892,0.05159626010209494
0,2,13,2.378652427378815,parkinson,169,12,171,6,0.2,quantile,2,72,0.5,0.16,1.773675868670434,0.2983628986087197,-0.22145893388235982,1.6291107047340747,0.056580528017260295
0,2,14,0.6607774667258643,parkinson,120,20,108,12,0.2,quantile,3,12,0.65,0.25,0.9941530681836712,0.10766334359868424,-0.3618101475984369,0.8410129611430625,0.02397818890896051
0,2,15,3.5738860022785177,parkinson,170,24,164,12,0.1,quantile,2,60,0.55,0.17,2.3504851841800534,0.47972868203769825,-0.20764977497823411,2.1231232344824984,0.08691023639672875
0,2,16,3.8095261813852015,parkinson,173,24,170,12,0.1,quantile,2,60,0.5,0.17,2.397989644674742,0.5221062718095661,-0.19528868703351665,2.511121566638514,0.09408717458822012
0,2,17,0.5052532307441963,parkinson,129,13,22,12,0.1,quantile,2,60,0.5,0.13,0.22549687644735808,0.07850095850410344,-0.2457791494982665,0.6550883846583716,0.021379589389550726
0,2,18,1.3665469540707331,parkinson,55,24,198,6,0.15000000000000002,hmm,2,72,0.35,0.14,1.1790476443387685,0.15540462638026975,-0.17852539633517361,1.1982563656152385,0.038128798631978655
0,2,19,2.476835054411912,parkinson,182,18,158,12,0.1,quantile,2,60,0.5,0.19,1.7974663778695743,0.315620373095425,-0.26925771105576335,1.6674726499402923,0.04896341871139621
0,2,20,3.205264800731224,parkinson,169,22,189,6,0.15000000000000002,quantile,2,72,0.65,0.12000000000000001,1.8882659307720542,0.4522263670690394,-0.27301577360115026,1.8842792055661168,0.0682473721581405
0,2,21,4.217713799091246,parkinson,171,24,168,12,0.1,quantile,2,60,0.55,0.17,2.427151744316274,0.6008275853866218,-0.20590682861811238,2.616294920002146,0.10103937993592595
0,2,22,3.329963000196585,parkinson,179,22,225,12,0.1,quantile,2,48,0.55,0.18,2.0909708705685603,0.456895512982461,-0.1974318330113941,2.0673560562257065,0.0883485230912646
0,2,23,1.3024715855053575,parkinson,133,19,101,12,0.15000000000000002,quantile,2,60,0.44999999999999996,0.15000000000000002,1.133405094184957,0.1471538076825758,-0.26257161619318214,1.0195305086565607,0.02910198747294421
0,2,24,2.109762607194515,parkinson,165,24,186,12,0.1,quantile,2,72,0.55,0.18,1.657732131163385,0.2561793083225645,-0.2798649348754465,1.3402144691079598,0.04339843595988522
0,2,25,3.357861944330081,parkinson,189,22,213,6,0.1,quantile,2,60,0.65,0.2,1.9882375312662999,0.4727486357393862,-0.2512665799532823,1.9376919540781996,0.07620213670514304
0,2,26,3.0408780028146274,parkinson,156,5,148,12,0.15000000000000002,hmm,2,48,0.44999999999999996,0.15000000000000002,2.6257897028099215,0.3455966302819333,-0.20086154370551745,1.8439599520732795,0.06710329818505036
0,2,27,1.3280090286038755,parkinson,114,11,115,6,0.2,quantile,2,72,0.6,0.23,1.3441290051343466,0.26913517346908855,-0.3418335438957447,1.393257841300207,0.03857690513596286
0,2,28,1.8460999568027852,parkinson,134,21,177,12,0.1,quantile,2,60,0.5,0.17,1.4840007340761596,0.2208199179529411,-0.2991459036859062,1.2713184370228272,0.03524542929852497
0,2,29,1.6378879651052827,parkinson,197,23,92,18,0.25,hmm,2,48,0.7,0.11,1.6901652714749664,0.3361403179524689,-0.35153290270424387,1.4914155998584495,0.0455952016607011
0,2,30,3.4152458431709922,parkinson,200,19,154,6,0.15000000000000002,quantile,2,72,0.55,0.16,2.171131600254571,0.4659360086087414,-0.29424718208117784,2.1144157943307644,0.060005344239179984
0,2,31,3.4355323934582813,parkinson,174,24,166,12,0.1,quantile,2,60,0.55,0.17,2.0786890542842866,0.4792375732632277,-0.23582127439523715,2.2112983308632694,0.07577016906299468
0,2,32,2.3831306950774014,parkinson,159,23,140,12,0.1,quantile,2,60,0.6,0.18,1.9271183817325142,0.2839143008422289,-0.2799741876270482,1.3793424058920603,0.04840649337665919
0,2,33,4.003425694583452,parkinson,189,24,130,12,0.1,quantile,2,60,0.5,0.14,2.885254583615514,0.5121596805551392,-0.16601182711933182,2.383195571264077,0.10970299508160049
0,2,34,3.8695265225952498,parkinson,189,22,127,18,0.15000000000000002,quantile,2,72,0.5,0.13,2.7804140554490795,0.49586389897414196,-0.17195030230716413,2.3264772818091233,0.10358417040321602
0,2,35,3.1158500532507825,parkinson,183,23,126,18,0.15000000000000002,quantile,2,48,0.44999999999999996,0.13,2.522250066717883,0.37094500397836816,-0.20175341258578938,1.9628533781148265,0.07009329592166175
0,2,36,3.545883078338586,parkinson,143,22,136,24,0.15000000000000002,quantile,2,60,0.5,0.14,2.7693417819744033,0.4322424374702769,-0.16830242553890395,2.038852274273449,0.09602468726261136
0,2,37,2.3992151955626646,parkinson,178,24,180,18,0.25,quantile,2,36,0.5,0.12000000000000001,1.7307621141973786,0.30676682769279506,-0.20731269563415466,1.6548477258740097,0.061263213762576006
0,2,38,0.3186432352359687,parkinson,90,22,116,18,0.15000000000000002,quantile,2,24,0.44999999999999996,0.15000000000000002,-0.05727911752949879,0.10067410135330657,-0.3287919471498798,0.8424177871919514,0.01877040359890545
0,2,39,2.181266835918483,parkinson,67,14,82,24,0.1,hmm,2,48,0.39999999999999997,0.1,1.7703275669472383,0.2592206104889727,-0.22643439670354526,1.645580702238453,0.046205253275136665
0,2,40,2.2936038583814886,parkinson,188,16,201,18,0.35,quantile,3,72,0.35,0.13,2.111858130961416,0.24753495858015606,-0.13649119858023617,1.7661137553695632,0.07005992240934399
0,2,41,3.5844653658081067,parkinson,193,21,91,12,0.1,quantile,2,72,0.5,0.2,2.4602317645218603,0.47086989670943535,-0.1902931049120975,2.2654672451286517,0.09009351014676464
0,2,42,3.405262651345967,parkinson,199,23,130,18,0.1,quantile,2,72,0.55,0.16,2.3793740951966016,0.4431151207495332,-0.29171851922091285,1.9935169046881613,0.05871135595394605
0,2,43,2.3561521003853576,parkinson,163,21,150,18,0.1,quantile,2,60,0.6,0.19,1.7472518374155879,0.29650523633551273,-0.2916920780718404,1.424275225551367,0.04779226961693574
0,2,44,2.8448452174660357,parkinson,187,19,108,12,0.15000000000000002,quantile,2,72,0.5,0.21000000000000002,2.2334752312426507,0.3456215203689421,-0.24566952844950518,1.7562045783166018,0.05691557378009622
0,2,45,3.133068055063381,parkinson,179,23,119,12,0.1,quantile,2,72,0.44999999999999996,0.14,2.265504662911374,0.4000631447215388,-0.15567402625105142,2.159539291069118,0.09529991917196792
1,0,0,2.5537543470599564,parkinson,166,13,228,12,0.15000000000000002,quantile,3,48,0.7,0.12000000000000001,-0.43231893415153017,0.5539827628271443,-0.2621491278077809,4.041107698528266,0.10662897094871215
1,0,1,4.902539614697665,parkinson,71,18,74,12,0.35,hmm,2,12,0.44999999999999996,0.28,2.220131969778494,0.7584947259616837,-0.29746860003427744,5.177231980031079,0.11567628008560517
1,0,2,9.898940155189871,parkinson,19,6,53,12,0.1,quantile,2,36,0.65,0.1,5.4871656216973435,1.43107146886824,-0.07735533453539367,13.094884546814876,0.654763143408962
1,0,3,2.1229501632378995,parkinson,95,19,93,18,0.15000000000000002,quantile,3,48,0.44999999999999996,0.26,0.7680386431091791,0.5645163753010687,-0.3379438127440566,4.09618345165108,0.08365251960405869
1,0,4,1.7227123879173385,parkinson,74,17,166,6,0.1,hmm,3,72,0.35,0.26,-0.34381232653561816,0.37892371023702953,-0.2730214445839234,3.233859576080181,0.0752033670579426
1,0,5,2.480079185376581,parkinson,111,10,212,24,0.15000000000000002,hmm,3,12,0.7,0.22,-1.291828024057602,0.6251986394810765,-0.210550624820372,5.297068819106475,0.14235427435132378
1,0,6,4.317241525619926,parkinson,155,8,146,12,0.35,hmm,3,24,0.65,0.19,0.5142828956367309,0.8120200155603121,-0.17261955585086197,7.678247732303795,0.20586910455295118
1,0,7,3.562996037259995,parkinson,42,15,77,18,0.15000000000000002,hmm,2,36,0.55,0.11,3.1590630169959875,0.39669290575240024,-0.22475238750195825,2.9687951419521887,0.0864486813248173
1,0,8,4.861630084248663,parkinson,69,11,46,24,0.25,hmm,3,36,0.5,0.18,1.981270165693882,0.7741990002803445,-0.25150315139596446,4.942661797131334,0.13895773126383368
1,0,9,6.04469385637966,parkinson,31,17,66,6,0.2,hmm,3,12,0.5,0.24000000000000002,2.9292859413906887,0.9160101771368632,-0.11972431107222525,8.861840596927383,0.3155791845933156
1,0,10,6.253240918401252,parkinson,18,5,32,6,0.30000000000000004,quantile,2,60,0.75,0.15000000000000002,2.625643648891443,0.9880838187911061,-0.15554451084213572,8.562122267908611,0.2596347731378513
1,0,11,5.171937658370623,parkinson,12,5,21,6,0.30000000000000004,quantile,2,72,0.75,0.14,2.223677272307496,0.8120198044433748,-0.13512988405020943,7.329147306030404,0.2622511173972351
1,0,12,5.674589047168046,parkinson,18,5,113,6,0.25,quantile,2,60,0.65,0.15000000000000002,2.2465499667153974,0.9102628127620693,-0.13549007782262557,8.292574002120347,0.28239229056274495
1,0,13,3.269512002938036,parkinson,46,8,21,12,0.30000000000000004,quantile,2,60,0.75,0.1,2.93974220983623,0.35992817960398416,-0.2075733540732001,2.588442644977547,0.08627742822692751
1,0,14,5.615556415175758,parkinson,131,7,48,18,0.1,quantile,2,60,0.6,0.16,1.6919464034861413,0.9539166426865375,-0.07899732246553803,8.552744622623928,0.4989499213414416
1,0,15,4.860599121199494,parkinson,9,24,111,6,0.30000000000000004,quantile,2,36,0.65,0.13,1.410875951966319,0.831032229043267,-0.17224426259542813,7.0156634670325335,0.2091992001023584
1,0,16,6.012884639889322,parkinson,51,11,48,12,0.2,quantile,2,48,0.75,0.17,3.120623016539527,0.8905146263239117,-0.24967006260727054,5.678978002598062,0.15375102695711423
1,0,17,2.5545511433327674,parkinson,185,5,189,6,0.25,quantile,2,24,0.6,0.1,-1.148336109267908,0.6257438395933443,-0.19354057479549647,5.790972501794151,0.15507943804039515
1,0,18,3.034359361875816,parkinson,94,24,119,12,0.30000000000000004,quantile,2,24,0.7,0.21000000000000002,0.28134673389560827,0.5787371989856023,-0.29878010556507795,4.11011545260013,0.09756743300963282
1,0,19,3.565667701775758,parkinson,26,7,91,18,0.2,quantile,2,60,0.6,0.13,2.4932662309601543,0.46380691725913614,-0.13909449246128158,4.757757775123143,0.15353495289335548
1,0,20,3.706830128838187,parkinson,60,9,147,6,0.1,quantile,2,72,0.7,0.15000000000000002,0.8765327178571448,0.653712753981923,-0.259540483057787,4.767988003113832,0.12098412718857324
1,0,21,2.186924103714986,parkinson,35,21,61,6,0.2,hmm,3,12,0.5,0.23,2.127802465804081,0.22460457416258905,-0.19958973860716211,1.909689174464199,0.06281106123963792
1,0,22,2.8583808865736144,parkinson,29,14,36,6,0.2,hmm,3,24,0.39999999999999997,0.24000000000000002,1.386237920252399,0.433052385289483,-0.21704344203407344,3.4036461199395234,0.103051298502925
1,0,23,5.83582807952596,parkinson,8,16,70,12,0.35,hmm,2,36,0.55,0.3,2.947589318136774,0.8724066840915146,-0.11798281201962768,9.104240769084722,0.3119100399088004
1,1,0,7.363003457318649,parkinson,156,11,172,12,0.15000000000000002,quantile,3,36,0.39999999999999997,0.27,3.2457895365068707,1.1480217378130426,-0.22584830781000487,3.5044324183463167,0.08745757987172519
1,1,1,8.700354074982407,parkinson,96,14,89,12,0.35,hmm,3,48,0.7,0.23,2.316121157136185,1.5084586992828628,-0.2921496519441654,3.254925393292847,0.08648023189742722
1,1,2,4.789569493639373,parkinson,95,18,165,12,0.25,hmm,3,36,0.7,0.29000000000000004,2.0914215022372877,1.2823277894637721,-0.3577383806149115,2.9647203826457855,0.06410803923454034
1,1,3,9.992749875519921,parkinson,160,13,63,12,0.30000000000000004,hmm,3,48,0.7,0.28,3.560913327613934,1.6424586423425906,-0.2865828742660934,3.077998308864011,0.09153353607622708
1,1,4,13.931782555276087,parkinson,148,10,94,6,0.35,hmm,3,72,0.7,0.23,3.8129793758354995,2.4050585734716674,-0.2740695524769977,4.019102482703423,0.11886362665375366
1,1,5,4.204359064438371,parkinson,10,24,178,18,0.2,hmm,3,24,0.5,0.13,2.2486080437308824,0.616011008514586,-0.2209272706681259,1.949209215940794,0.05645307814628855
1,1,6,7.264472586648048,parkinson,31,15,140,6,0.35,quantile,3,12,0.55,0.24000000000000002,2.246476990281627,1.228246818301447,-0.2880779091611021,3.2299804920741413,0.07271048509503318
1,1,7,4.39326931164245,parkinson,94,7,111,12,0.15000000000000002,quantile,3,72,0.7,0.13,1.5976955535881407,1.2123618501842204,-0.35964306422914794,2.921266475132603,0.06207889394920409
1,1,8,4.77056053519563,parkinson,74,22,150,24,0.2,quantile,3,60,0.6,0.29000000000000004,2.131927592239925,1.263535874420187,-0.35390153254858536,3.0605914267813836,0.06291166267968669
1,1,9,6.75623019459649,parkinson,93,14,69,18,0.2,quantile,3,12,0.39999999999999997,0.14,2.30179418166755,1.121066620752543,-0.24848168583278452,3.5556061782746737,0.07890666716849629
1,1,10,10.026655097663166,parkinson,184,6,228,6,0.30000000000000004,hmm,2,72,0.6,0.18,2.9525857841247505,1.7100724411201584,-0.2697330206444154,3.483921355251013,0.09959541629915178
1,1,11,12.056497893135417,parkinson,200,5,238,6,0.30000000000000004,hmm,2,72,0.6,0.18,4.1654806732833585,1.9947515112987473,-0.2566127708125483,3.7516663221471855,0.11287721371105054
1,1,12,6.933442745755174,parkinson,198,10,32,6,0.30000000000000004,hmm,2,60,0.75,0.18,2.3663303016529693,1.7651917853757229,-0.30728776145365955,3.484549228245272,0.08912970528717859
1,1,13,5.914373231294514,parkinson,141,5,227,6,0.35,hmm,2,72,0.6,0.21000000000000002,3.1489711865317687,1.4186304406589447,-0.31764877927393464,3.1467843374851148,0.0744470905056022
1,1,14,8.372111498027929,parkinson,130,9,109,6,0.25,hmm,2,60,0.5,0.1,3.1270403700942624,1.3617182625961592,-0.27227923643420093,3.421989954265379,0.08317152475409742
1,1,15,4.866856274789181,parkinson,176,8,199,24,0.1,hmm,2,72,0.65,0.18,2.347128495251389,1.1686482719320779,-0.3064000134568994,2.697091914457952,0.06966837608773183
1,1,16,8.661939462995472,parkinson,128,5,35,6,0.30000000000000004,hmm,2,60,0.75,0.25,1.842034075572063,1.548184485041888,-0.29204704585320884,3.2657679785406457,0.0866242150576378
1,1,17,11.764958601412735,parkinson,189,11,118,18,0.35,hmm,2,48,0.5,0.21000000000000002,3.6561454919427976,1.987377171088267,-0.24552277522049226,4.083019596178288,0.1161882587462362
1,1,18,9.092518385164881,parkinson,164,8,203,6,0.25,hmm,2,72,0.65,0.16,2.535831743143439,1.5649205027186324,-0.2873562637786461,3.2236531507674506,0.08996184103589397
1,1,19,7.135464867002046,parkinson,120,19,82,12,0.30000000000000004,hmm,2,60,0.35,0.22,3.640488689319935,1.0630441044684158,-0.17997816723484505,3.749290147928458,0.10234963736551415
1,1,20,8.979812145563482,parkinson,64,12,238,6,0.35,hmm,3,36,0.55,0.19,2.437372441406536,1.552225184972043,-0.27478152628994823,3.7120846597453223,0.09027131158763593
1,1,21,13.028882371832626,parkinson,199,10,114,18,0.35,hmm,2,48,0.5,0.2,4.220729634775422,2.183703510888983,-0.1915297039446906,4.305330045895588,0.15702518264989748
1,1,22,11.581260190864086,parkinson,200,16,128,18,0.35,hmm,2,24,0.44999999999999996,0.25,4.832545732754141,1.832997464897403,-0.18889220903020176,4.185046568319024,0.1407536455412151
1,2,0,2.7667553191587153,parkinson,166,15,236,24,0.1,hmm,2,36,0.39999999999999997,0.3,2.0753359230236263,0.34581747152938047,-0.14801796530600153,1.1625968603972574,0.04241948655049147
1,2,1,1.7920980434831535,parkinson,13,24,171,24,0.35,hmm,3,12,0.39999999999999997,0.29000000000000004,1.9233520899719347,0.16608439969943722,-0.14673579096714695,0.5598864882976697,0.022336389361321502
1,2,2,0.24191408379534696,parkinson,35,20,168,12,0.30000000000000004,quantile,2,72,0.35,0.14,0.8822988819410402,-0.03984707143503463,-0.2721073052253493,-0.0022610620853158784,-4.392221093466867e-05
1,2,3,0.7070551258470299,parkinson,108,11,184,24,0.30000000000000004,quantile,3,48,0.44999999999999996,0.29000000000000004,1.0808779816037886,0.03332322700902712,-0.2875262476274316,0.2783481597023392,0.006308654420347951
1,2,4,1.1362308169227828,parkinson,89,23,213,12,0.15000000000000002,hmm,3,48,0.65,0.25,0.7973232865464625,0.2575914662995664,-0.326326316779988,0.7915622790343333,0.021278476642891966
1,2,5,1.8944602912123885,parkinson,157,21,192,6,0.35,hmm,3,60,0.35,0.25,1.6462359742321193,0.21426846081926576,-0.17844484998040044,0.8650669471971453,0.02406713204079834
1,2,6,2.199009468897021,parkinson,167,17,111,6,0.30000000000000004,quantile,3,60,0.6,0.26,1.2345939520764468,0.31634249857175956,-0.2552262263263614,0.892461716428901,0.02774864987404119
1,2,7,0.4386056377868026,parkinson,132,19,139,6,0.25,quantile,3,36,0.75,0.24000000000000002,1.0682202561519332,0.04097825402375466,-0.40648875785858485,0.3879571984407955,0.009818867991691096
1,2,8,1.6710671497418774,parkinson,28,8,196,24,0.25,quantile,2,12,0.5,0.2,1.0847957489803053,0.22573385505034493,-0.21141831670141664,0.7263945405113759,0.023720287581486896
1,2,9,1.6371048148626672,parkinson,55,10,128,6,0.25,quantile,2,24,0.6,0.13,1.751136861018391,0.3106781734630488,-0.3260056616308957,0.9092434607476368,0.022784054480351378
1,2,10,1.2435456610412179,parkinson,197,14,41,18,0.1,hmm,2,36,0.44999999999999996,0.18,0.8150233331948691,0.16720679888875667,-0.1739939138881822,0.6585707481568499,0.021725813177179865
1,2,11,3.2355476287541594,parkinson,166,16,84,18,0.15000000000000002,hmm,2,72,0.55,0.3,1.7914831645918359,0.4679612092916483,-0.18680653998651053,1.1927901978675215,0.04670651537576926
1,2,12,2.9154885642254107,parkinson,185,16,78,18,0.15000000000000002,hmm,2,72,0.55,0.3,1.8315488913719087,0.39994282370789125,-0.2504661918268912,1.065630025928863,0.0314226454477234
1,2,13,2.3834760385669655,parkinson,199,14,69,18,0.15000000000000002,hmm,2,72,0.55,0.22,1.4838393357363973,0.32831127413975336,-0.2743817210642008,0.9485927176051149,0.024871630632140096
1,2,14,0.7540084945265276,parkinson,140,16,70,18,0.15000000000000002,hmm,2,72,0.7,0.1,1.0416851869444577,0.12378371569078617,-0.33845044637528965,0.5104961220930727,0.014233564879149447
1,2,15,2.4375668886128454,parkinson,184,5,95,18,0.2,hmm,2,60,0.55,0.27,1.822959980276997,0.3052173796948694,-0.25458377475851146,0.8860405332085084,0.02581456776871788
1,2,16,0.6362950274708461,parkinson,113,18,29,12,0.2,hmm,2,60,0.55,0.3,0.8290295070835393,0.04435605478581528,-0.284709722220583,0.2938912454012784,0.00813484725002258
1,2,17,2.0659243064663664,parkinson,79,12,75,18,0.1,hmm,2,72,0.65,0.22,1.1530632235629488,0.4901354551011494,-0.3175481496694115,1.1946802450282472,0.03328128555500072
1,2,18,1.8898335821265682,parkinson,146,13,55,12,0.15000000000000002,hmm,2,48,0.5,0.27,1.621033961766215,0.21586332024869215,-0.2567700599317748,0.7059558672082403,0.019549030563624604
2,0,0,8.88863679122894,parkinson,10,19,188,18,0.15000000000000002,quantile,2,24,0.5,0.16,2.438360981260045,1.5338912601197836,-0.08443800683259528,18.518452987752635,0.8475390748403033
2,0,1,6.496255361085677,parkinson,79,11,119,12,0.2,quantile,3,36,0.39999999999999997,0.21000000000000002,0.46094683448087465,1.8883672373080085,-0.3283656513076695,12.949711277252117,0.26375724095859937
2,0,2,18.672982502682363,parkinson,126,17,204,24,0.1,quantile,2,48,0.39999999999999997,0.28,4.2635451074460935,3.3082419897918633,-0.13645738461616863,23.741453071406994,0.8256980172083949
2,0,3,20.494051797547595,parkinson,183,8,61,18,0.25,quantile,3,24,0.7,0.14,2.477236376420693,3.85108672186745,-0.1732828547924138,23.760862698670145,0.7857737356544287
2,0,4,14.9645378024227,parkinson,61,18,55,6,0.30000000000000004,hmm,2,36,0.5,0.14,1.5714603751524896,2.835761522969291,-0.27889284597016994,16.8921944945484,0.4223489730087296
2,0,5,19.376365623706526,parkinson,191,10,202,18,0.2,quantile,3,48,0.39999999999999997,0.18,3.1344027247564235,3.5618328522656624,-0.17207312230660388,24.54618913260302,0.6916032419604825
2,0,6,15.00301539215958,parkinson,46,14,115,24,0.1,hmm,2,36,0.6,0.23,2.695459503431967,2.7310571280887195,-0.22629762490491956,16.236305181280088,0.5214359674459667
2,0,7,15.657490199567267,parkinson,192,8,155,12,0.2,hmm,3,36,0.35,0.25,2.349318387995929,2.8965662011138607,-0.18525714043133135,22.750084912818046,0.5638139334198193
2,0,8,14.683456324285606,parkinson,25,14,70,6,0.2,quantile,2,72,0.35,0.28,3.7134907934718955,2.5653421855099316,-0.12020319788331468,24.56092264522064,0.7722242227097753
2,0,9,20.38973398776602,parkinson,185,11,88,24,0.15000000000000002,quantile,2,72,0.44999999999999996,0.12000000000000001,2.611476042585519,3.816799193294652,-0.17512937142600615,25.036571031125902,0.7250742888750642
2,0,10,22.582710363499757,parkinson,137,5,22,18,0.35,hmm,3,12,0.75,0.1,3.985053320783456,4.118036740621606,-0.1093713774777938,31.31361803379393,1.271664992250544
2,0,11,20.947049391012943,parkinson,140,5,26,18,0.35,hmm,3,12,0.75,0.1,3.2498956110707033,3.864420317095518,-0.0944163406383487,31.047023654641478,1.4400903474222024
2,0,12,22.097781641582305,parkinson,132,5,28,18,0.35,hmm,3,12,0.75,0.1,3.6123014907725906,4.058326179239202,-0.09549256834470154,31.111631705059065,1.4490856651638082
2,0,13,13.799855607986741,parkinson,145,24,38,12,0.35,hmm,3,12,0.65,0.1,0.586763449633365,2.7012947766340116,-0.25858060200734234,14.52780603522442,0.4640977713598363
2,0,14,22.794628558775266,parkinson,105,5,22,18,0.30000000000000004,hmm,3,12,0.75,0.18,4.471475193046896,4.111778192450363,-0.08802029721430471,30.799312916153927,1.579664109711602
2,0,15,21.566984385595873,parkinson,89,7,237,12,0.30000000000000004,hmm,3,24,0.65,0.19,3.0684123067435256,4.006555646444822,-0.1598916622077271,24.52241333519146,0.8635178397996925
2,0,16,17.48954531553747,parkinson,110,5,93,24,0.30000000000000004,hmm,3,60,0.7,0.16,0.6847366619563928,3.4294353969118543,-0.21497703256557854,23.264635149193687,0.6079828931137143
2,0,17,17.87780007139712,parkinson,157,24,89,18,0.25,hmm,3,12,0.6,0.23,2.322251487120233,3.3433348655674013,-0.24690492301037537,16.753438303487396,0.5259837351722689
2,0,18,18.250904642382654,parkinson,106,9,138,12,0.30000000000000004,hmm,3,24,0.75,0.13,1.082678532226561,3.541913075253875,-0.21118680608855445,23.91967437273723,0.626037804122728
2,0,19,18.318844556406557,parkinson,165,12,49,24,0.35,hmm,3,12,0.7,0.3,1.6073331976918026,3.5030355915121314,-0.14100656251450228,22.719330295867287,0.9327855289220028
2,0,20,25.461158920631224,parkinson,118,7,22,18,0.25,hmm,3,24,0.6,0.16,5.575038006185399,4.534727983507705,-0.07513033934642188,33.03188253746077,1.9144488164346736
2,0,21,25.142327818825347,parkinson,117,7,22,18,0.25,hmm,3,24,0.6,0.16,5.434662943309243,4.484999269434145,-0.08184596419765866,32.84743866607578,1.7507516465624164
2,0,22,14.59666717420013,parkinson,89,7,47,18,0.25,hmm,3,24,0.55,0.18,1.280933226176025,2.7912401122224235,-0.23348653718960288,15.609060708729961,0.5013119378650166
2,0,23,21.271609287252925,parkinson,118,7,80,18,0.25,hmm,3,24,0.6,0.16,3.115613443194356,3.94276051313115,-0.15613702255133777,25.238228556098395,0.8790789426700567
2,0,24,15.18121726764314,parkinson,71,9,37,12,0.30000000000000004,hmm,3,24,0.55,0.21000000000000002,1.3754358208948785,2.89869987143914,-0.23810297942220915,15.786662629772367,0.5027276611556348
2,0,25,16.605341500908814,parkinson,93,12,67,18,0.25,hmm,3,36,0.65,0.17,1.8738362281447571,3.1336846773672873,-0.2672526310669405,17.03357767087877,0.4750238436827292
2,0,26,16.329520148179782,parkinson,99,6,107,24,0.30000000000000004,hmm,3,48,0.55,0.2,1.1000217928660738,3.1559018503493492,-0.22333055799163237,22.69047928803627,0.550348783893229
2,0,27,8.310485660393303,parkinson,157,21,49,18,0.25,hmm,3,12,0.5,0.15000000000000002,0.7921955954592613,1.5828775725327344,-0.2440086669219842,11.432555397015951,0.3644133018613831
2,0,28,19.499136651683877,parkinson,115,16,156,12,0.30000000000000004,hmm,3,24,0.6,0.12000000000000001,1.9759426512561367,3.7022330652111624,-0.18585645756261093,24.13468284695173,0.722319601939801
2,0,29,17.8858798648686,parkinson,51,9,21,18,0.15000000000000002,hmm,2,60,0.5,0.17,4.660996903226614,3.1110762826510587,-0.0899352145780582,27.80744010850132,1.3068203674626966
2,0,30,15.684520411698832,parkinson,76,20,64,24,0.2,hmm,3,12,0.65,0.19,1.3535647748726212,3.0015476048525045,-0.29621883761314083,16.69313289851586,0.42217296053659986
2,0,31,19.77556268144838,parkinson,128,6,35,18,0.35,hmm,3,12,0.7,0.14,2.556389355081469,3.6994736007815288,-0.10679560510631902,23.385562604714067,1.2555324584447176
2,0,32,15.271764415567205,parkinson,142,6,25,18,0.30000000000000004,hmm,3,24,0.75,0.12000000000000001,3.651517421588009,2.6892011409546397,-0.10604460544332894,26.245035186010163,1.089808280872178
2,0,33,24.87842248953797,parkinson,124,5,21,18,0.25,hmm,3,12,0.7,0.15000000000000002,5.479248287338992,4.427759669173695,-0.06710114486545615,32.88649357831794,2.125731664292095
2,1,0,3.8874853033086305,parkinson,16,5,207,18,0.15000000000000002,quantile,3,72,0.55,0.28,3.1985238942522494,0.9403064023403251,-0.3830165962081564,1.748572171234134,0.035050680908820506
2,1,1,0.0018787729448042306,parkinson,8,8,35,18,0.30000000000000004,hmm,2,60,0.6,0.15000000000000002,0.522950645162205,-0.05171046419678149,-0.3572453239139095,-0.0075506881061556275,-0.0001658276217580268
2,1,2,12.327852217896693,parkinson,100,11,198,24,0.1,quantile,3,60,0.55,0.21000000000000002,3.067788008574369,2.158791642721902,-0.28493623187366224,3.1216266358777247,0.08143275978812933
2,1,3,5.73739019012276,parkinson,112,5,142,12,0.30000000000000004,hmm,3,48,0.75,0.13,3.0361187629237114,1.6215690248755106,-0.4039635250233098,2.372878080138025,0.050614697518275305
2,1,4,13.706377381926456,parkinson,181,7,177,6,0.15000000000000002,hmm,3,60,0.75,0.26,4.13785716381258,3.555043140820823,-0.30929864324817025,3.5357094067053936,0.10020871621329723
2,1,5,4.586010958448811,parkinson,56,10,195,24,0.2,quantile,3,36,0.75,0.1,2.328640353725301,1.3796479983982421,-0.4311966841295849,2.148798008018595,0.04304291669663407
2,1,6,11.75748953100121,parkinson,127,7,76,18,0.30000000000000004,hmm,2,72,0.7,0.28,3.574799701071219,1.9940179360931203,-0.27257258391856387,2.662053177978693,0.08271284854897311
2,1,7,7.429847732443467,parkinson,91,15,208,24,0.35,quantile,3,36,0.75,0.22,3.2429980843367403,2.0598977415525734,-0.37674227267901317,2.6531162842984815,0.06160693547224199
2,1,8,3.6938021388160522,parkinson,49,20,239,18,0.15000000000000002,quantile,3,60,0.44999999999999996,0.22,1.7553139488211476,0.9712990087967335,-0.3558241694731973,2.098598648334526,0.03910412179234501
2,1,9,19.334348288727863,parkinson,185,9,198,18,0.2,quantile,2,24,0.7,0.22,4.707884544947495,3.396081203250823,-0.29348590980797795,3.407949524958388,0.10193519987810616
2,1,10,11.512574016842157,parkinson,194,15,130,6,0.25,quantile,2,12,0.35,0.17,4.48582001243938,1.8539328021244934,-0.1742210963386197,3.7346021741777053,0.11597378321686912
2,1,11,16.40733376572714,parkinson,200,11,152,6,0.2,hmm,2,12,0.65,0.25,4.292915159813947,2.8521752371640336,-0.2806220628839684,3.2492337575234376,0.09726018984528285
2,1,12,12.805509580589638,parkinson,159,12,142,12,0.2,hmm,2,12,0.65,0.25,4.089249881210937,2.152176927996834,-0.2702287295074798,2.7860801957957375,0.08690386202516757
2,1,13,17.159411712555748,parkinson,163,24,112,12,0.25,hmm,2,24,0.65,0.19,4.345273910436553,2.997354951467494,-0.24389227049528994,3.300088979697518,0.11473802269119375
2,1,14,11.196332339866029,parkinson,155,22,100,12,0.25,hmm,2,24,0.65,0.18,3.7074335949950257,1.868523108473703,-0.2674270332277301,2.582518851498068,0.08128098215664765
2,1,15,9.87159379031122,parkinson,155,24,105,12,0.25,quantile,2,24,0.6,0.19,3.6210740754107196,1.612211350521172,-0.2605076102624938,2.415759353727991,0.07625503740236368
2,1,16,9.434702208479521,parkinson,171,18,46,18,0.1,quantile,2,24,0.5,0.15000000000000002,3.4115267314370348,1.5457877685522008,-0.20601560212970027,2.420644176553337,0.09190126077690312
2,2,0,1.391026313062298,parkinson,66,7,212,18,0.15000000000000002,hmm,3,48,0.44999999999999996,0.21000000000000002,0.846272172221434,0.1935780453903162,-0.2789064511954985,0.6611671415732379,0.013801617845765498
2,2,1,2.987135689942987,parkinson,180,6,236,12,0.2,hmm,3,24,0.39999999999999997,0.2,1.7068528778641354,0.4267418502021838,-0.14859004161362188,1.273543135631137,0.04107302096061992
2,2,2,2.863617788212546,parkinson,117,9,209,12,0.30000000000000004,quantile,3,36,0.55,0.19,1.1693599112552464,0.4557875665169846,-0.20417067142581335,1.0575438494032858,0.035379811252450995
2,2,3,2.1194558348918004,parkinson,150,14,211,6,0.35,hmm,2,60,0.6,0.15000000000000002,1.1781046406644111,0.306080702911919,-0.23880600990559786,0.7755618234832489,0.024820014115952617
2,2,4,1.6677895746534113,parkinson,99,13,94,6,0.15000000000000002,hmm,2,36,0.7,0.12000000000000001,0.9702044322488023,0.43059413288390425,-0.3678000380681129,0.9658923373117265,0.02256396364248026
2,2,5,0.8192396689177344,parkinson,124,7,34,6,0.30000000000000004,hmm,3,36,0.44999999999999996,0.1,0.4534658660623424,0.11850134717731264,-0.20005929933897615,0.4552042016096813,0.013112980219431285
2,2,6,1.5827563946614296,parkinson,158,22,203,6,0.25,quantile,2,48,0.39999999999999997,0.29000000000000004,1.1172035887044467,0.20483092006184123,-0.15834750184815427,0.7136940551474393,0.023013181324284895
2,2,7,2.283718086187338,parkinson,195,20,94,24,0.25,hmm,2,12,0.65,0.11,0.9266212941656714,0.36408148782090044,-0.2657887613189279,0.8483121527973736,0.02446927104802169
2,2,8,0.47182732165456825,parkinson,12,5,117,18,0.30000000000000004,quantile,3,48,0.75,0.22,1.0306299613676135,0.06787666352849486,-0.44796038253670634,0.27973215319999944,0.0056054285545181085
2,2,9,0.07972555050978072,parkinson,113,22,35,24,0.1,hmm,3,72,0.35,0.15000000000000002,-0.30851504044335293,0.04679661414629144,-0.22070535467483676,0.27742018862202394,0.005699783549588971
2,2,10,2.2687410566452733,parkinson,200,11,171,12,0.2,quantile,3,12,0.5,0.26,1.1216194763146252,0.34158626369759215,-0.2063621532738834,0.946262878119539,0.027039130058825807
2,2,11,1.1523555181101008,parkinson,59,10,236,12,0.35,quantile,3,24,0.55,0.18,0.6367119719733272,0.16679990642468745,-0.29344200498660433,0.5656591191105693,0.013694164419274167
2,2,12,1.4440962507972301,parkinson,162,8,163,12,0.2,quantile,3,24,0.35,0.24000000000000002,0.9726820097448121,0.1915510491849648,-0.15450426448168697,0.7510608201359958,0.02107268913845156
2,2,13,0.49057998922873053,parkinson,81,17,235,18,0.30000000000000004,quantile,3,24,0.55,0.18,0.40661441510725116,0.11437124397566212,-0.3671270188094544,0.465861244867239,0.00896491046674162
2,2,14,2.633387523920489,parkinson,140,5,171,12,0.25,hmm,3,36,0.44999999999999996,0.18,1.3856687723113357,0.3881106275529642,-0.2103160416232016,1.075853400950384,0.028423015046915624
2,2,15,3.574440657034855,parkinson,181,10,148,12,0.15000000000000002,quantile,3,24,0.6,0.24000000000000002,1.3605196158327775,0.5788361698236932,-0.2488029311062615,1.2049450643215367,0.03482382228700315
2,2,16,2.294153635191144,parkinson,179,17,144,18,0.1,quantile,3,12,0.65,0.27,0.9922991859293993,0.35960080844528886,-0.2718359857474486,0.8441893706380745,0.024747558975947877
2,2,17,1.1433320035662333,parkinson,179,12,69,12,0.15000000000000002,hmm,2,24,0.6,0.24000000000000002,0.561118661773175,0.17255453453592917,-0.2724247099555288,0.5705653251468182,0.015200851712101249
3,0,0,12.227116748169781,parkinson,89,17,143,6,0.2,quantile,3,60,0.39999999999999997,0.26,5.281591559874569,1.9172641936464991,-0.27248104625610325,8.00778019514696,0.37207448831924994
3,0,1,6.120880860876758,parkinson,117,24,42,6,0.1,quantile,3,24,0.35,0.23,3.1631749163953815,0.9078586805358133,-0.18118218584994394,6.795402405122552,0.347084662010439
3,0,2,11.401677298776795,parkinson,151,24,162,12,0.2,hmm,3,72,0.5,0.16,4.416992093784444,2.8623630651950607,-0.3098388376926978,10.462379036995898,0.43371476183447266
3,0,3,7.402577314716503,parkinson,143,17,171,6,0.25,quantile,2,36,0.75,0.22,5.025399223801357,1.9707954935353502,-0.401409346497673,7.150501021132738,0.3098405931716982
3,0,4,13.087262402260441,parkinson,144,21,121,12,0.15000000000000002,hmm,2,60,0.65,0.29000000000000004,5.194781233803106,3.328435728710849,-0.3197736277204787,9.676803398838848,0.47320042056343137
3,0,5,5.899336992404883,parkinson,167,5,133,18,0.30000000000000004,hmm,2,12,0.7,0.14,4.091323203728569,1.6932171952881543,-0.43878627711909834,6.813106228393466,0.26783900689490125
3,0,6,5.377158246252976,parkinson,36,8,141,18,0.25,quantile,2,60,0.65,0.29000000000000004,3.264804169008972,1.4635088042813473,-0.3991965780998957,5.873572442006735,0.27993484335544255
3,0,7,4.784475793783544,parkinson,33,7,161,12,0.25,quantile,3,48,0.65,0.14,4.045405508023479,1.0592216839069244,-0.3462769184322041,5.011983833236864,0.27439652931631636
3,0,8,20.130044390504466,parkinson,131,14,137,6,0.15000000000000002,quantile,2,12,0.65,0.18,5.426139530394598,3.4833949250614333,-0.29128306987196884,10.204460534925284,0.5266455452950525
3,0,9,7.069720007002801,parkinson,58,14,231,24,0.15000000000000002,quantile,3,72,0.6,0.19,3.681748458386889,2.0983553639943153,-0.42674774638325186,6.607227589469622,0.3020001785716834
3,0,10,5.746086595907756,parkinson,197,12,74,24,0.35,hmm,2,12,0.5,0.1,2.331416844555562,1.7329336241243491,-0.4154764498763631,7.934421026932441,0.26974866903537503
3,0,11,10.519820139542082,parkinson,107,20,95,12,0.1,hmm,2,36,0.6,0.3,5.128857072089073,2.854570717069959,-0.3752067546474708,8.343760617521317,0.387397450766687
3,0,12,12.574071645782334,parkinson,127,11,93,6,0.15000000000000002,hmm,2,48,0.75,0.19,5.609515174387371,3.2790328357692164,-0.34509776659491564,9.178416357103394,0.43935174838525765
3,0,13,21.17946785688222,parkinson,183,20,191,12,0.15000000000000002,hmm,2,24,0.6,0.25,5.954788954028513,3.6404146759735925,-0.2856567515177989,10.175370520658968,0.5451671021415118
3,0,14,19.962858757390634,parkinson,199,17,215,18,0.15000000000000002,quantile,2,24,0.55,0.24000000000000002,5.193145711627412,3.473257180315386,-0.28254061873065084,10.23660946866662,0.5400122945432231
3,0,15,19.23861029742697,parkinson,173,21,195,6,0.1,hmm,2,24,0.5,0.26,5.416787525438787,3.3060433069415156,-0.27087424520508585,11.070101039563474,0.534231608950213
3,0,16,8.503433377027852,parkinson,89,14,189,12,0.2,hmm,2,12,0.55,0.17,5.216624165153795,2.2669181228237463,-0.3901245987291365,7.116499484457278,0.32798642081177776
3,0,17,11.413825350741797,parkinson,172,19,199,6,0.15000000000000002,quantile,2,24,0.7,0.21000000000000002,5.678472228339334,3.0934973693869567,-0.3765227465892017,8.545798231918374,0.3955893468068839
3,0,18,7.821281417861618,parkinson,72,12,239,12,0.1,quantile,2,12,0.44999999999999996,0.26,3.6222210843403295,1.925904659678085,-0.31635943192825966,7.236681158615838,0.34323356669365995
3,0,19,13.20835078309348,parkinson,130,10,106,18,0.2,hmm,2,36,0.6,0.1,5.107326462555568,3.300706714581202,-0.30691009182453677,10.457890249515216,0.4886842502905479
3,0,20,7.39131537495496,parkinson,14,18,33,6,0.30000000000000004,hmm,3,24,0.7,0.17,6.240168082033643,1.7315195435511956,-0.37243037073493546,5.188148078674982,0.29130348101546005
3,0,21,11.714867418408398,parkinson,196,16,214,18,0.15000000000000002,quantile,2,24,0.6,0.24000000000000002,4.268788462409221,3.1232173430775996,-0.34002535178309123,9.257687388345468,0.4345735258835722
3,0,22,20.36363864082775,parkinson,183,15,215,18,0.15000000000000002,quantile,2,12,0.55,0.24000000000000002,5.19933270574525,3.552794457591025,-0.26665549445029035,10.632752017850834,0.5760928892296647
3,0,23,20.07010940705734,parkinson,181,15,185,24,0.1,quantile,2,12,0.55,0.2,5.369577746032514,3.477064106808217,-0.2948705288333925,10.831503378485037,0.5171080827102484
3,0,24,20.800853710365292,parkinson,153,22,216,18,0.2,quantile,2,12,0.65,0.27,5.972478394914741,3.562922902581585,-0.279046567055129,9.668177789638914,0.5552562015084304
3,0,25,19.385461799086865,parkinson,162,22,218,18,0.2,quantile,2,12,0.5,0.28,4.968087279007343,3.3802836319166385,-0.22176638587493158,11.135979953284123,0.6511863808474817
3,0,26,20.274221329204757,parkinson,181,22,225,18,0.2,quantile,2,24,0.55,0.27,5.204625797583155,3.534381686082636,-0.2600789842621597,10.531522415770638,0.5894779890244433
3,0,27,12.482111376167579,parkinson,156,19,206,24,0.25,quantile,2,36,0.44999999999999996,0.24000000000000002,4.4850258945206365,2.0479196857814523,-0.26345555195108294,9.600809269522314,0.4215564898462073
3,0,28,13.58257778258587,parkinson,186,23,182,18,0.15000000000000002,hmm,2,12,0.6,0.25,6.00316998791387,3.436571070423417,-0.3270768200799904,9.741681897525394,0.46733521510217024
3,0,29,16.323744342233844,parkinson,158,19,159,12,0.2,quantile,3,24,0.44999999999999996,0.27,4.700844004690064,2.794664467977763,-0.25604656456298225,10.970736300130563,0.5002399361543458
3,0,30,10.01228688596326,parkinson,185,21,238,18,0.30000000000000004,quantile,2,12,0.39999999999999997,0.22,3.314572485329636,1.671000128659688,-0.28332331834908353,8.629501432586267,0.3435673016905472
3,0,31,20.37969980407658,parkinson,183,22,226,18,0.2,quantile,2,24,0.55,0.28,5.2188140591372605,3.55405855490159,-0.26674367822231526,10.503331154428807,0.5759503795739828
3,0,32,21.304358001776663,parkinson,171,23,204,18,0.2,quantile,2,24,0.6,0.28,6.095186641396408,3.651352936215692,-0.2716344862120089,10.236474725021669,0.5733602117974631
3,0,33,20.249368703341545,parkinson,142,24,204,12,0.2,quantile,2,36,0.65,0.3,5.602313545727355,3.489642386095573,-0.28865083716394424,9.816849715906788,0.5324374329160861
3,0,34,7.8290661482698285,parkinson,167,23,224,24,0.25,quantile,2,24,0.6,0.28,3.7390723590513044,2.05343950752186,-0.3549280777894507,8.190360860521743,0.3506600871315785
3,0,35,12.067948626139987,parkinson,147,23,177,18,0.2,quantile,3,48,0.7,0.27,5.908556062941593,3.188107581177049,-0.36130901374482194,8.809401208082848,0.4153893488101891
3,0,36,9.639024086290195,parkinson,104,24,170,12,0.25,quantile,2,24,0.35,0.29000000000000004,5.123429806977167,1.4154618365603224,-0.2690936114999469,7.3468981208824005,0.3063563494469399
3,0,37,21.797354962376225,parkinson,155,22,204,18,0.2,hmm,2,36,0.65,0.28,6.392981599470318,3.7201728325282133,-0.2763833248977301,9.945379360765957,0.5689001876572684
3,0,38,7.1649186742389315,parkinson,118,20,152,12,0.25,hmm,2,36,0.75,0.25,4.571992842004079,1.9616786742631738,-0.4075832847069365,7.561700892117076,0.30322397308023663
3,0,39,13.335797640659184,parkinson,139,20,197,18,0.2,hmm,2,60,0.65,0.3,5.267161175645981,3.365658182332881,-0.31477311208172165,9.771566248031558,0.48191106223334246
3,0,40,12.994786545557812,parkinson,151,24,206,24,0.15000000000000002,hmm,3,48,0.7,0.22,5.797457078805832,3.3497170904794045,-0.3385972987971102,8.919937853073282,0.45046961498895066
3,0,41,13.321187160349497,parkinson,173,22,231,18,0.2,hmm,2,36,0.65,0.29000000000000004,5.422068493462137,3.335607465412391,-0.3129538405358768,9.19251694579673,0.4848347423633169
3,0,42,7.617538682079456,parkinson,164,22,171,18,0.25,hmm,2,24,0.6,0.28,4.460608224339343,1.9950686145140253,-0.3759004691202822,8.225564964009655,0.32800647720475734
3,0,43,14.46719924605135,parkinson,193,21,192,18,0.2,quantile,2,36,0.65,0.26,6.549387641165347,3.59676295494687,-0.31946311373704317,9.29800079176579,0.48844873008868883
3,0,44,19.766685261723882,parkinson,174,23,226,18,0.2,hmm,2,24,0.6,0.28,5.256988203724822,3.427638231972294,-0.28730185873619263,9.891196823909306,0.5303630911308947
3,0,45,20.77796006261677,parkinson,154,18,208,12,0.15000000000000002,quantile,2,36,0.65,0.25,5.897949439668933,3.565797068556461,-0.2870402420987853,9.824936597704408,0.5398991729710256
3,0,46,13.647219121592821,parkinson,154,18,178,12,0.15000000000000002,hmm,2,48,0.65,0.25,5.9727059223767345,3.3886100570969067,-0.31522188834875686,9.660679278725013,0.4836413409048268
3,0,47,10.342821962989516,parkinson,135,18,149,12,0.1,quantile,2,36,0.7,0.23,4.76206340214052,2.934841939275504,-0.39356930095769493,8.836350794719936,0.36979508464380095
3,0,48,8.819338405995017,parkinson,111,20,61,12,0.15000000000000002,hmm,2,48,0.65,0.27,5.632858914282767,2.3459764841021773,-0.3937062205063603,7.135948856678065,0.34081895324176764
3,0,49,19.99303428651725,parkinson,146,17,203,12,0.15000000000000002,quantile,2,72,0.65,0.23,5.563319700597194,3.4422748872437303,-0.2974972497179853,9.770558019774182,0.5145744622802227
3,0,50,14.384152839259427,parkinson,122,21,215,12,0.1,hmm,2,36,0.75,0.25,6.212384204081045,3.506440038340867,-0.3030390819919139,9.19411229617133,0.5110135166961699
3,0,51,20.855836916165075,parkinson,191,22,127,18,0.2,quantile,2,24,0.6,0.26,5.993453612970253,3.571822021935989,-0.2978677825912672,9.886968405247707,0.5195667778464481
3,0,52,13.102882422121466,parkinson,190,21,123,18,0.2,quantile,2,24,0.6,0.26,5.40430155054892,3.3745875191935832,-0.3306348265905753,9.651413408853434,0.45888276276477435
3,0,53,13.995220165050215,parkinson,200,23,120,18,0.15000000000000002,quantile,2,36,0.6,0.29000000000000004,5.82743823983921,3.4588295427487843,-0.3074370352769693,9.54970098570431,0.4982406999766363
3,0,54,11.664381970297748,parkinson,167,19,114,18,0.2,quantile,2,12,0.65,0.26,5.397986054202683,3.1152081697592644,-0.36173130788657437,9.132160500734322,0.40995106247999896
3,0,55,5.761397675129881,parkinson,160,5,188,12,0.35,quantile,2,24,0.7,0.27,4.019537546661383,1.6858608288138517,-0.4480929752366489,6.801465834272799,0.2614448147795962
3,0,56,20.35484624628437,parkinson,178,20,131,18,0.15000000000000002,quantile,2,36,0.55,0.21000000000000002,5.537576722209643,3.5172115770359103,-0.2863909902668246,10.78844293545719,0.5329529438598107
3,0,57,7.576567683274673,parkinson,191,16,210,18,0.25,hmm,2,60,0.7,0.12000000000000001,5.328016137899647,1.9689173444348813,-0.3942910606832667,6.973968703355723,0.3152938880963621
3,0,58,10.368678023248854,parkinson,168,24,97,12,0.2,quantile,2,12,0.6,0.29000000000000004,4.713378244387045,2.643586772450111,-0.33425816897108307,9.094907060055368,0.4142382663995761
3,0,59,6.58035005548689,parkinson,64,22,197,24,0.30000000000000004,quantile,2,24,0.55,0.25,4.429577092573494,1.7876810778458294,-0.4100030813117468,6.463376261353314,0.29294078541784146
3,0,60,7.490816784365208,parkinson,92,20,167,6,0.15000000000000002,hmm,2,12,0.6,0.3,4.308245276018179,2.2004204461910044,-0.4306256651149034,7.320996243781945,0.3047238295908563
3,0,61,20.118328615466496,parkinson,176,22,221,18,0.2,quantile,2,24,0.55,0.27,5.1261828873282935,3.51104743436047,-0.25625235237341404,10.616848172536983,0.5939879772076946
3,0,62,13.715360436227463,parkinson,188,23,233,18,0.2,quantile,2,24,0.65,0.28,5.699341945817547,3.436098913320526,-0.31526474860267084,8.992410096242724,0.48688100066822293
3,0,63,20.37979276794974,parkinson,180,21,212,18,0.2,quantile,2,36,0.6,0.28,5.626105876008431,3.513347965989105,-0.2717521346336942,9.953604514023697,0.5657858571815815
3,0,64,13.010640095821298,parkinson,150,21,208,18,0.2,quantile,2,36,0.65,0.24000000000000002,5.348101206562746,3.338572912917563,-0.3282027631635064,9.459160340452478,0.46168303794628174
3,0,65,21.566939093975094,parkinson,161,21,200,18,0.15000000000000002,quantile,2,48,0.6,0.26,6.093405253520352,3.704047293442984,-0.2634706196433264,10.510972271629596,0.5934690091013111
3,0,66,20.742318165486118,parkinson,136,19,190,18,0.15000000000000002,quantile,2,48,0.6,0.26,5.623838120982993,3.5860798209989238,-0.273195931829632,10.63128931176137,0.5646998470332757
3,1,0,3.3351998483297853,parkinson,55,15,110,18,0.1,hmm,2,60,0.5,0.11,1.3563959174772944,0.9908371523887296,-0.407852871230555,1.7641570813358693,0.03143531752232324
3,1,1,7.162080046220051,parkinson,94,22,60,24,0.2,hmm,2,48,0.55,0.15000000000000002,2.2810051444262345,1.8385388959926368,-0.306886338269178,2.347161997952353,0.06023907852543975
3,1,2,10.652005314239315,parkinson,136,13,128,6,0.2,quantile,2,60,0.5,0.19,3.110146653448243,1.8193863975030387,-0.27875998859472373,2.411261259516328,0.06497427576095305
3,1,3,7.848193049930483,parkinson,190,10,27,18,0.30000000000000004,quantile,2,24,0.39999999999999997,0.14,3.0360857327279867,1.266030036713298,-0.17128119228386351,2.339881756016772,0.07903441605121482
3,1,4,6.4891537792044085,parkinson,50,19,225,6,0.30000000000000004,hmm,3,12,0.7,0.16,1.8416063847539448,1.8138642273854262,-0.35044314111589914,2.2838033338083914,0.05287088082075069
3,1,5,6.493100951580238,parkinson,163,9,28,12,0.1,hmm,3,24,0.39999999999999997,0.21000000000000002,2.325080908076687,1.0661120995083788,-0.19305124260865492,2.0946195303849544,0.06326592521344838
3,1,6,7.09331090478632,parkinson,22,17,53,24,0.25,quantile,2,72,0.39999999999999997,0.11,2.5091802754579575,1.1677441534114683,-0.2232980673245284,2.182502920773104,0.058206388548744756
3,1,7,11.895632407554194,parkinson,181,22,99,18,0.1,quantile,3,48,0.5,0.3,3.3154656195601815,2.0475799195548205,-0.21944251414463556,2.484042700548963,0.08814225784820363
3,1,8,9.19926963256138,parkinson,195,17,67,18,0.2,quantile,3,36,0.39999999999999997,0.12000000000000001,3.052893145751178,1.5345646119371583,-0.20757732972175635,2.532354170678661,0.07548612754610817
3,1,9,4.8189626383195785,parkinson,42,5,109,18,0.15000000000000002,quantile,2,60,0.35,0.23,1.8311135692163372,0.780681170742282,-0.263006255949215,1.8703128152267938,0.03790228983162109
3,1,10,5.005032158314607,parkinson,111,24,178,12,0.35,quantile,3,36,0.7,0.3,2.450857673290596,1.4852972811601215,-0.42151165169069793,1.928362761321084,0.03982827425951018
3,1,11,5.755269391401111,parkinson,141,12,157,6,0.15000000000000002,quantile,3,60,0.6,0.27,2.481311670791443,1.5578787847184823,-0.3626536348072106,2.046639347485319,0.04759834916110055
3,1,12,10.699824075882228,parkinson,148,20,111,12,0.15000000000000002,quantile,3,48,0.5,0.18,2.7839768792068647,1.8615671272557592,-0.24926092364898378,2.4137321467512085,0.07411654278112827
3,1,13,12.865071656476779,parkinson,163,21,95,12,0.1,quantile,3,48,0.6,0.24000000000000002,2.883515812681285,2.2846627500272274,-0.2784738098931273,2.4787493410398014,0.07576769374518653
3,1,14,10.61119395227497,parkinson,168,24,83,12,0.1,quantile,3,48,0.6,0.25,2.745703479090999,1.8476684425458942,-0.26394050907872346,2.175496340983586,0.07137034799845264
3,2,0,0.42469865977823024,parkinson,90,22,113,12,0.35,hmm,2,48,0.55,0.28,0.36840555237431355,0.12526492999816363,-0.47602185186886536,0.45164535287441177,0.007061956931774942
3,2,1,2.093322539442903,parkinson,119,11,70,6,0.15000000000000002,hmm,3,72,0.75,0.2,0.8713449487750685,0.5632772885486814,-0.35630854397629075,0.9193627240652689,0.023202325051155617
3,2,2,2.63488000533754,parkinson,137,6,209,18,0.30000000000000004,quantile,3,48,0.6,0.2,1.1388608995119631,0.41308991111631177,-0.28671426825432755,0.7874042582840912,0.021194801747640397
3,2,3,0.9436181351758554,parkinson,125,16,71,6,0.1,quantile,3,72,0.35,0.29000000000000004,0.4167722495439239,0.14704640208077868,-0.2157735533817171,0.52248183455275,0.011048800080787778
3,2,4,1.5551839441700592,parkinson,32,10,128,18,0.1,quantile,2,24,0.75,0.28,0.6608391399138872,0.4246782187775531,-0.3662168124522911,0.790053364814838,0.018343141784954307
3,2,5,1.8973385760932044,parkinson,174,8,108,12,0.35,hmm,2,72,0.7,0.22,0.7970682083050501,0.4887686898365282,-0.33248186052309603,0.8472471192823653,0.021851347348174774
3,2,6,6.259069467601332,parkinson,118,12,104,12,0.35,hmm,3,60,0.65,0.18,1.4496111448473612,1.1068527790355303,-0.2637349310222198,1.4268102807443575,0.042721314080627175
3,2,7,3.0708137345490787,parkinson,156,22,182,12,0.2,hmm,2,24,0.55,0.12000000000000001,0.9640690732256618,0.5177558395872495,-0.25210156008346307,0.9707048628119751,0.026503108556273785
3,2,8,1.3237157404440545,parkinson,84,6,132,6,0.35,quantile,3,36,0.35,0.25,0.9195409933219894,0.2905265785664981,-0.3078260853769713,0.8445568669508806,0.012798362441776364
3,2,9,0.8159243349897498,parkinson,32,13,124,18,0.2,quantile,3,48,0.39999999999999997,0.14,0.2902915331554698,0.13415571368240298,-0.27940978232487856,0.46865730347070456,0.008621519469772685
3,2,10,4.113596514773819,parkinson,200,17,46,24,0.25,hmm,3,60,0.65,0.16,0.9627712924539227,0.7264421737093716,-0.21972894762733353,1.0781109383728495,0.03855991544817336
3,2,11,2.3084185005759936,parkinson,197,17,29,24,0.25,hmm,3,60,0.65,0.16,1.0619725758325633,0.6202215722446125,-0.36443869410075913,0.9222030548396294,0.02092354278522565
3,2,12,2.380711254565161,parkinson,67,19,28,24,0.25,hmm,3,60,0.5,0.17,0.8134260203550571,0.3947996488775265,-0.2690439268975068,0.8334968628678249,0.018937213272552586
4,0,0,-2.182720479756088,parkinson,132,19,119,24,0.15000000000000002,quantile,3,24,0.65,0.19,-3.3299947707014765,-0.31725428446756765,-0.32865579290324853,-0.985822319264777,-0.041330072114580695
4,0,1,-0.7394054698364252,parkinson,150,19,119,6,0.1,quantile,2,48,0.35,0.16,-1.7018661707463116,0.022305523107346126,-0.17711796895671073,0.4356366888286125,0.014533049330455055
4,0,2,-0.8099991775369147,parkinson,163,24,68,24,0.25,hmm,3,48,0.39999999999999997,0.26,-1.196115953016127,-0.042388240205770256,-0.171745852607034,-0.18060492136769787,-0.0067127978857357395
4,0,3,0.2464136143396098,parkinson,67,20,208,18,0.25,hmm,3,60,0.7,0.15000000000000002,0.01175024697873172,0.048107698170048785,-0.2165977434819868,0.48702099469810206,0.018613468733453778
4,0,4,-0.8437377600553572,parkinson,85,20,90,12,0.15000000000000002,hmm,3,36,0.39999999999999997,0.3,0.4327123348323866,-0.32706789989965346,-0.4053927618604646,-1.023768431465828,-0.03499236067833409
4,0,5,-1.6813875028348342,parkinson,160,16,183,18,0.1,hmm,2,60,0.35,0.15000000000000002,-3.181724305078958,-0.018105070059071027,-0.20998875357149094,0.10103310555906642,0.002828845427110676
4,0,6,0.6462437686567108,parkinson,20,17,141,24,0.25,quantile,3,12,0.39999999999999997,0.11,2.7335373110705343,-0.14410497737571126,-0.2771153459878628,-0.3055381572048809,-0.016683715761504538
4,0,7,-1.3329063002409371,parkinson,50,20,89,18,0.30000000000000004,hmm,3,60,0.35,0.26,-1.174876311558883,-0.27196301175423643,-0.31549410714490056,-1.1012065460974503,-0.040152593057991674
4,0,8,-1.3542248532230106,parkinson,37,17,82,6,0.25,hmm,2,36,0.44999999999999996,0.14,-0.879395177025898,-0.4856810222524417,-0.5278325098577628,-1.5525125292542539,-0.050292554243269665
4,0,9,0.12830360347699582,parkinson,103,23,210,12,0.2,hmm,3,12,0.39999999999999997,0.12000000000000001,-0.3093143979973044,0.056592160495129606,-0.2238836884287373,0.6175776096150549,0.020556334052864916
4,0,10,-0.14383405491394274,parkinson,12,11,25,24,0.35,quantile,2,12,0.55,0.11,0.29679661632557863,-0.05844647261534641,-0.20541833914701746,-0.297522090507704,-0.01058353967323893
4,0,11,-1.3957309188842366,parkinson,67,11,174,18,0.30000000000000004,quantile,3,72,0.75,0.1,-1.5490219162680243,-0.12424399215004489,-0.268488507933484,-0.5812761381168617,-0.017717341635166427
4,0,12,-3.7511837731890405,parkinson,8,14,240,24,0.2,quantile,3,72,0.55,0.19,-5.561071710237956,-0.19412958361401256,-0.21903330974426372,-1.458824837218242,-0.046308004619691735
4,0,13,-2.3559576696913256,parkinson,39,5,161,18,0.30000000000000004,quantile,3,24,0.75,0.17,-2.593639156620642,-0.2118276182762009,-0.29311889562187077,-1.2945852596906635,-0.035075936069508595
4,0,14,-0.6811524031017667,parkinson,72,12,152,12,0.25,hmm,3,60,0.65,0.22,-0.6774052954741325,-0.06848995107294009,-0.29981431144419646,-0.20718736501837284,-0.005398963890623657
4,0,15,-1.281578765711142,parkinson,191,22,206,24,0.2,quantile,3,24,0.55,0.13,-2.058800826088733,-0.05043567053335507,-0.2990193216838536,0.04888201129993705,0.0014663649011556535
4,0,16,-1.6966716347382573,parkinson,105,8,218,18,0.35,quantile,3,48,0.65,0.1,-1.8013132758694612,-0.15920299936070537,-0.2713829434825481,-0.7802646343568702,-0.025205540448001617
4,0,17,-1.172895999336971,parkinson,26,16,138,24,0.30000000000000004,hmm,2,36,0.5,0.22,-0.46385398229638175,-0.3060422386010413,-0.3343904525282858,-0.8836397943817484,-0.04220101639392695
4,0,18,-1.3018594932296663,parkinson,56,14,187,18,0.25,hmm,3,60,0.7,0.17,-1.7398937261014873,-0.08638252603578456,-0.2156618988109793,-0.3759716742950118,-0.013449949256010393
4,0,19,-1.7175985686115243,parkinson,95,21,240,12,0.15000000000000002,quantile,3,12,0.6,0.13,-2.6118358383828837,-0.0823361298840165,-0.24025673594442387,-0.1147278463239318,-0.004477099985864081
4,0,20,-0.9121735650639065,parkinson,27,18,33,24,0.2,hmm,2,72,0.5,0.15000000000000002,0.6723435492417036,-0.467721048604101,-0.5444674794649151,-1.2707444401902694,-0.045352700472044274
4,0,21,0.7851339881271546,parkinson,114,23,208,12,0.2,hmm,3,12,0.44999999999999996,0.12000000000000001,-0.270405213727556,0.1840673189981865,-0.13580788915161557,1.4713846413302152,0.07589775455976781
4,0,22,-0.8507802643363194,parkinson,126,24,199,12,0.25,hmm,3,24,0.44999999999999996,0.12000000000000001,-0.7593259232817539,-0.09422346053908848,-0.2371865343085544,-0.4199568466914711,-0.013934260020779068
4,0,23,-0.9994720131005947,parkinson,77,22,229,6,0.2,hmm,3,12,0.44999999999999996,0.1,-1.467569187690281,-0.05313748385109085,-0.20353212384368224,-0.04754059329338086,-0.0019182258885019567
4,0,24,1.1094410461357287,parkinson,119,21,168,12,0.15000000000000002,hmm,3,12,0.5,0.14,0.024047820204222997,0.21948342720672342,-0.1784096240953137,1.6444961520789434,0.06885100799361098
4,0,25,0.8302519030800617,parkinson,120,22,162,12,0.15000000000000002,hmm,3,12,0.5,0.12000000000000001,-0.2723547977719871,0.19328586039321105,-0.19470834213937493,1.5114798271464043,0.05776351818939374
4,0,26,-0.16850343363271625,parkinson,125,22,165,12,0.15000000000000002,hmm,3,24,0.5,0.13,-1.1651227095378938,0.06832693813266388,-0.3006028026900306,0.7327821087115981,0.02024014055863124
4,0,27,1.3558164148900589,parkinson,116,23,189,6,0.1,hmm,3,12,0.5,0.17,0.44832647620987753,0.22633063535702402,-0.21345436987461086,1.6641874402040915,0.05867707047202106
4,0,28,-1.1298306898514832,parkinson,143,24,124,6,0.1,hmm,3,24,0.6,0.17,-1.187434981561367,-0.10722263981415991,-0.27104952404975824,-0.06719839830749531,-0.003148654647461538
4,0,29,0.19059695461711268,parkinson,183,19,112,6,0.1,hmm,3,24,0.5,0.19,-0.2508666922453773,0.06320606014796026,-0.22583161574016275,0.7032657012507374,0.02692455216991942
4,0,30,-1.127494534751314,parkinson,140,21,187,6,0.15000000000000002,hmm,3,12,0.6,0.21000000000000002,-1.799858466248127,-0.045513060325450105,-0.28058240628212494,0.1174804695838586,0.003913373414117608
4,0,31,0.7929847032950813,parkinson,111,23,174,12,0.15000000000000002,hmm,3,12,0.44999999999999996,0.18,-0.11571519856196906,0.17016846051521317,-0.19173541146999673,1.414970882808712,0.05141002578642693
4,1,0,1.0752223948797086,parkinson,83,8,83,12,0.35,quantile,2,72,0.75,0.14,1.1863331535395905,0.2636095747595264,-0.4374140512800737,0.667915409290503,0.014695614829707269
4,1,1,-0.3276865309549091,parkinson,134,19,145,18,0.2,quantile,3,72,0.7,0.17,0.7488884325225603,-0.1957399965161689,-0.45770226910567857,0.011330205851457593,0.00024683448201883015
4,1,2,0.4260456562488113,parkinson,27,17,102,6,0.2,quantile,3,24,0.7,0.18,0.13569491850771986,0.12262200283721314,-0.3743432257280348,0.488787411308619,0.010502775444040886
4,1,3,-0.7199449288899477,parkinson,115,16,69,12,0.35,quantile,3,24,0.6,0.1,0.11762927067180826,-0.262151216268247,-0.4249372195583643,-0.13782719261722098,-0.003046909602644128
4,1,4,-1.031206205673013,parkinson,65,19,136,24,0.2,quantile,2,48,0.7,0.18,-0.13687092618718288,-0.40702215134019293,-0.5097772533024132,-0.3821679974836153,-0.0074546003455362875
4,1,5,-0.21015253206110743,parkinson,137,13,201,12,0.35,quantile,3,60,0.75,0.13,0.6459776331177592,-0.14582981144242457,-0.4825871391963158,0.07972948096667992,0.0016391702995799573
4,1,6,0.584896301288509,parkinson,181,17,83,6,0.30000000000000004,quantile,2,36,0.55,0.17,1.303206897125223,0.054683961803311254,-0.36769557252083374,0.3398413028060103,0.00846427869307796
4,1,7,-0.4703711715184326,parkinson,70,6,72,18,0.1,hmm,2,12,0.44999999999999996,0.24000000000000002,0.1460219176053926,-0.18255853463708316,-0.43988876697061885,-0.047982205530539467,-0.000883677984394001
4,1,8,-0.36069758865840656,parkinson,107,6,61,12,0.1,quantile,2,72,0.6,0.1,-0.14065327514700354,-0.1085412593098809,-0.411617926899029,0.11579664213771372,0.002331879447571818
4,1,9,-1.1127377856335874,parkinson,90,17,210,18,0.15000000000000002,quantile,2,48,0.65,0.1,-0.10792964397469682,-0.4220222497208356,-0.4858139227381999,-0.4359804084500538,-0.00877746274849635
4,1,10,0.06026258755406076,parkinson,13,24,130,24,0.30000000000000004,hmm,2,60,0.35,0.27,-0.17050215745942457,0.02910273325675461,-0.27930250786469235,0.17883824785352215,0.0035886548244767535
4,1,11,0.6704077716204572,parkinson,179,11,24,6,0.30000000000000004,hmm,2,36,0.5,0.22,0.23511391160774067,0.11057016316331736,-0.2884367254237107,0.3906460264450703,0.010215669281123376
4,1,12,1.4445836116527246,parkinson,186,11,26,6,0.30000000000000004,hmm,2,36,0.44999999999999996,0.23,0.8381983547896683,0.20509688685157812,-0.22807744725608303,0.5422681483262043,0.016283612354021475
4,1,13,0.10885745225831298,parkinson,151,9,23,6,0.25,hmm,2,60,0.39999999999999997,0.3,-0.28981692278846843,0.05075318273050944,-0.1908902040766043,0.27871853007892194,0.008872599313102577
4,1,14,-0.5877115780965988,parkinson,198,9,31,12,0.35,hmm,2,24,0.5,0.22,0.14131782431399623,-0.1316740980507194,-0.2989261174867467,-0.0378841927077561,-0.000998281205139313
4,1,15,0.3474622428260903,parkinson,49,9,104,6,0.25,hmm,2,48,0.35,0.15000000000000002,0.5891403772332953,0.06080082616894522,-0.4195169563259017,0.3478842324064226,0.005500568296291481
4,1,16,0.3072452291517664,parkinson,87,13,48,12,0.30000000000000004,hmm,2,36,0.44999999999999996,0.25,0.24168967585949325,0.07126149162928708,-0.35608561107560577,0.37847445886847997,0.007248403871656679
4,2,0,2.4587361982980256,parkinson,138,11,203,24,0.35,hmm,3,36,0.5,0.14,1.324244371389979,0.3593228025206072,-0.2842052264519087,0.6913404580874414,0.016807470208413527
4,2,1,-0.47537079808684307,parkinson,76,12,185,6,0.35,quantile,3,24,0.55,0.1,0.36974203182756926,-0.2096797259362344,-0.4495013355590317,-0.09722699740039265,-0.0016916596708300197
4,2,2,-0.1190926075967587,parkinson,184,21,153,6,0.25,hmm,3,12,0.75,0.17,0.7125445467018154,-0.11335000099318415,-0.4341795367949318,0.13801894178064814,0.0031422026529596145
4,2,3,-0.3503414134794486,parkinson,91,24,218,18,0.35,quantile,3,72,0.7,0.13,0.5431813710968173,-0.1836804921660078,-0.4583564695820428,0.013627212138977484,0.0002836897741260491
4,2,4,-0.8040346407107966,parkinson,81,19,158,24,0.15000000000000002,hmm,2,12,0.39999999999999997,0.26,0.18719710568289102,-0.2741130708614441,-0.3703558778600352,-0.4180185141025682,-0.007026055800398969
4,2,5,0.09723627174281904,parkinson,59,21,100,18,0.35,quantile,2,24,0.65,0.29000000000000004,0.7016654820800516,-0.033663456983765605,-0.4672436307079103,0.2526712444694808,0.00500865182339639
4,2,6,-0.39387974137576576,parkinson,164,8,24,6,0.1,quantile,3,72,0.7,0.1,-0.017614398726900796,-0.15245363484715446,-0.4891812722053158,0.03035664241610553,0.0005805843178997967
4,2,7,-0.7794273148378852,parkinson,91,22,154,24,0.25,quantile,2,72,0.65,0.28,-0.028278250792089833,-0.29214165837709327,-0.47152003271324705,-0.193329299753051,-0.0036171521509207535
4,2,8,0.2309914916716311,parkinson,72,9,25,6,0.2,quantile,2,24,0.55,0.18,0.37863786997389304,0.03586535664077961,-0.3734051956299981,0.28543150304987064,0.005813042863308223
4,2,9,-0.1198106275021867,parkinson,190,19,159,18,0.1,quantile,2,72,0.65,0.28,0.7601852573250756,-0.11354516387097069,-0.3614635712364218,0.09415231762815726,0.0023505611160755386
4,2,10,0.5239818174866444,parkinson,133,5,222,12,0.30000000000000004,hmm,3,48,0.39999999999999997,0.22,0.7150018999087835,0.03329617350645053,-0.24252898280833612,0.22537374199616014,0.005375017145370042
4,2,11,0.2399034038147353,parkinson,135,5,238,12,0.30000000000000004,hmm,3,48,0.39999999999999997,0.22,0.5738049067661413,-0.009399809913667068,-0.25723007555541644,0.14448457115678112,0.0032392766318774897
4,2,12,-1.0180157122893623,parkinson,13,14,207,12,0.30000000000000004,hmm,3,48,0.44999999999999996,0.22,-0.4456876309960586,-0.34351906786967545,-0.47536839289869803,-0.5794460648262822,-0.00839079749455943
5,0,0,-1.477989305528212,parkinson,55,12,58,24,0.30000000000000004,quantile,3,72,0.39999999999999997,0.11,-1.2576155073302555,-0.4819177226405337,-0.513562706418112,-0.917324297120333,-0.022662989581434007
5,0,1,-1.1411232272491714,parkinson,86,8,118,24,0.2,quantile,3,72,0.7,0.1,0.016299944608817195,-0.4305019303520301,-0.4678489629413295,-0.5280111042370245,-0.015687966459710722
5,0,2,-0.8113347939470047,parkinson,157,18,62,18,0.35,quantile,2,72,0.35,0.2,-0.7528802245875493,-0.18419649172708819,-0.3746564826863419,-0.29187011083579917,-0.007132579171353891
5,0,3,-1.2671474679350336,parkinson,76,15,127,18,0.1,hmm,3,48,0.39999999999999997,0.13,-0.623936486458396,-0.33016025811528327,-0.35440842844235454,-0.4599476608699192,-0.014977762736529704
5,0,4,-1.5181135019405179,parkinson,8,8,113,12,0.35,quantile,2,12,0.75,0.15000000000000002,-1.5372500913451121,-0.40837056403757865,-0.4598379441512749,-0.7213556479176958,-0.020712345076232652
5,0,5,-1.833216306115461,parkinson,140,18,76,6,0.25,quantile,3,12,0.39999999999999997,0.28,-2.1803059111628444,-0.39582276091882995,-0.40271848315635006,-0.8619551204736904,-0.022244611480965733
5,0,6,-0.801898591922876,parkinson,20,20,37,18,0.1,hmm,2,36,0.65,0.13,1.3030773675257863,-0.5308956089645869,-0.5996391066485023,-0.6531299815990879,-0.020445925438419006
5,0,7,-0.9448879035384703,parkinson,168,5,190,24,0.30000000000000004,hmm,3,12,0.35,0.24000000000000002,-1.042018854650045,-0.20818517333639752,-0.39505310676830796,-0.3734838803008464,-0.008545745460978187
5,0,8,-1.2268188758148535,parkinson,150,15,75,18,0.1,quantile,2,72,0.5,0.22,-1.404614397525612,-0.28859338489115316,-0.42812955112037276,-0.4468846108515408,-0.011410333138514533
5,0,9,-1.0042811149533901,parkinson,84,5,146,12,0.1,quantile,2,12,0.39999999999999997,0.25,-0.1660044503945037,-0.2983199374960811,-0.3621999904435653,-0.3622107854955761,-0.011457973630796491
5,0,10,-1.7541987126388807,parkinson,12,24,240,6,0.2,hmm,2,36,0.6,0.17,-2.42553126964131,-0.4091840016585182,-0.461685199262432,-0.7338676794904893,-0.02077784137975016
5,0,11,-1.7337030577171648,parkinson,198,21,33,18,0.15000000000000002,hmm,2,48,0.6,0.19,-2.5650838166561405,-0.4055830276677641,-0.47629495466110006,-0.6977943021328714,-0.019226417349115205
5,0,12,-1.5002256741120967,parkinson,121,20,38,18,0.35,hmm,2,36,0.5,0.19,-1.163514592710855,-0.4174065678549145,-0.43786300238330633,-0.7112375179953285,-0.021236027966072994
5,1,0,-0.4681151787765459,parkinson,177,11,239,24,0.35,hmm,2,12,0.75,0.15000000000000002,0.8185134052787261,-0.32787666112423763,-0.619457722772733,-0.14342010350708026,-0.002479850555959452
5,1,1,-0.8334563108177616,parkinson,166,7,206,12,0.35,hmm,2,12,0.35,0.18,0.3532264391674165,-0.3632601645884028,-0.4916981081574756,-0.4741958389831626,-0.0072481400234212885
5,1,2,-1.5634661970806416,parkinson,26,19,59,24,0.30000000000000004,quantile,2,12,0.5,0.2,-1.5415609872472007,-0.37177367402372097,-0.4054467808847675,-0.5100113872735413,-0.009128855204567228
5,1,3,-0.47735257175935053,parkinson,141,11,172,12,0.30000000000000004,quantile,2,48,0.5,0.17,0.8649206009305178,-0.2862576302093224,-0.5220872430804623,-0.13903599653312343,-0.0024697255399494665
5,1,4,0.2492468604306018,parkinson,105,9,207,24,0.25,quantile,2,60,0.75,0.17,1.358428910913501,-0.0014604619782921935,-0.6290484372463505,0.29628013523785485,0.004729546500434723
5,1,5,-0.5305426781990118,parkinson,187,9,64,24,0.15000000000000002,hmm,3,60,0.7,0.22,0.7915006749937805,-0.3549903843508947,-0.615326226235014,-0.18411805631445316,-0.0032123436751279313
5,1,6,-0.5975988348338197,parkinson,57,21,238,12,0.1,hmm,3,12,0.6,0.12000000000000001,0.7212544196517606,-0.30186611664948915,-0.4797622705208985,-0.1191736626432113,-0.0024876317916417935
5,1,7,0.018948640743188926,parkinson,186,11,230,6,0.35,quantile,2,24,0.65,0.25,1.3580419277144036,-0.1272235549958889,-0.5583395724457996,0.13153675043025082,0.002403216089366909
5,2,0,0.6293865627416714,parkinson,87,21,228,24,0.35,quantile,2,12,0.5,0.26,1.0244066511764582,0.08267320631284303,-0.32000064838143794,0.3478012713229308,0.008642594974077504
5,2,1,-0.6323907911883253,parkinson,83,10,224,24,0.25,hmm,2,60,0.5,0.19,-0.03991184468321199,-0.21243170987370097,-0.4155971408561502,-0.20296799542571278,-0.003803161913435683
5,2,2,0.8566037562526552,parkinson,41,23,168,24,0.15000000000000002,quantile,2,36,0.6,0.2,0.8528410138203666,0.20960006679240117,-0.4190235701321653,0.5572131620199551,0.010396328842532497
5,2,3,0.36327316643389884,parkinson,151,6,194,6,0.15000000000000002,quantile,2,60,0.7,0.14,0.8064650726518775,0.031427663653466276,-0.3517272294656175,0.34824686588476333,0.009481994791617427
5,2,4,-0.24002769308270372,parkinson,182,24,218,12,0.35,hmm,3,12,0.39999999999999997,0.3,0.39491460664647743,-0.1116851608580508,-0.33504532268139076,-0.08994632113249222,-0.0016982328110871042
5,2,5,0.35573312699474563,parkinson,95,7,200,6,0.30000000000000004,quantile,2,12,0.55,0.14,0.9700460715071676,0.020025389951331407,-0.3920650503228632,0.2904743002467822,0.006138316315520812
5,2,6,-0.13012761655905894,parkinson,182,10,177,12,0.2,quantile,3,24,0.65,0.22,0.5990472035097327,-0.10452264652350818,-0.41670253316631944,0.10695136772574725,0.0023875830541380985
5,2,7,-0.14603804966700137,parkinson,197,12,158,24,0.30000000000000004,hmm,3,24,0.55,0.16,0.3875116367896701,-0.08578792655549783,-0.37904719314828683,0.07050113599410127,0.0015839232535646282
5,2,8,0.03298404118424372,parkinson,131,9,148,24,0.1,quantile,3,60,0.5,0.24000000000000002,0.4676124565523745,-0.036635159349111435,-0.3485332795496864,0.148855167372795,0.003145926079157963
5,2,9,-0.11500244318036447,parkinson,94,20,103,6,0.35,quantile,3,12,0.6,0.3,0.25467146666322077,-0.06320078825115516,-0.39045139376852867,0.20388059418805757,0.004599041405094815
5,2,10,-0.7981206437711477,parkinson,17,16,34,18,0.1,hmm,2,36,0.35,0.1,-0.9367560014140012,-0.14472782902796122,-0.33044533247534436,-0.30008391417868274,-0.004387085191315927
5,2,11,-0.3409777792946986,parkinson,48,24,106,18,0.2,quantile,2,36,0.75,0.25,-0.17512358424624497,-0.1316575806439737,-0.5428331184905901,0.09954903777213442,0.0016811464331820299
5,2,12,-0.03975920728528553,parkinson,53,19,238,18,0.15000000000000002,quantile,2,48,0.44999999999999996,0.26,0.9121438476634967,-0.1039778988347515,-0.37698650900983555,-0.00664106744014835,-0.00012961198644534025
5,2,13,-1.4119808417805757,parkinson,8,20,127,24,0.25,quantile,2,72,0.65,0.2,-1.8086275923653774,-0.30321030288408857,-0.41662490550704356,-0.45769158800846216,-0.009550603980388265
5,2,14,-1.052264734214554,parkinson,69,17,74,18,0.15000000000000002,quantile,2,24,0.6,0.27,-0.19640333092542342,-0.39369329905791406,-0.4908400128293833,-0.42478509361111855,-0.008053536952788553
5,2,15,-0.2585352522936226,parkinson,118,22,171,24,0.30000000000000004,quantile,2,48,0.44999999999999996,0.22,0.4431373049653998,-0.1280747818965755,-0.38268384178015946,-0.07312418689490804,-0.0013823820186550028
6,0,0,1.3909276365112442,parkinson,149,8,147,6,0.30000000000000004,quantile,2,60,0.35,0.24000000000000002,0.4543061522272131,0.39214660954958735,-0.36425958310101403,0.9538590252148783,0.01802462803254644
6,0,1,-0.11123027901920865,parkinson,169,13,157,12,0.1,hmm,3,60,0.39999999999999997,0.2,-0.5268660655007258,0.003575202094901808,-0.547028718672705,0.27274911019176956,0.003997405237095201
6,0,2,3.845463108714786,parkinson,9,23,94,12,0.2,quantile,2,36,0.5,0.25,1.7439752672784838,0.5946950950151089,-0.23105435829803034,1.0346440400487142,0.036115001019530774
6,0,3,-0.6181763376968292,parkinson,178,15,179,12,0.30000000000000004,quantile,2,60,0.6,0.27,-0.5311847893628331,-0.21887667109863618,-0.5454504702620866,-0.14702475715849017,-0.002484109172936535
6,0,4,2.5799697695318855,parkinson,25,9,52,24,0.30000000000000004,quantile,2,24,0.35,0.12000000000000001,2.0687907201830393,0.3091148818880731,-0.2895945253577896,0.6113671635439689,0.019567813196261098
6,0,5,1.263596335217771,parkinson,62,8,190,18,0.25,quantile,2,48,0.7,0.28,0.5564069482064541,0.395981365328798,-0.4404186833567686,0.8035172671713298,0.016200005406220352
6,0,6,1.2323320051142432,parkinson,78,20,151,12,0.2,quantile,2,12,0.75,0.2,0.11154981220634212,0.401820363455597,-0.4031934249826077,0.8739100958413563,0.019308567192217352
6,0,7,-0.20107866664247223,parkinson,82,11,48,12,0.15000000000000002,hmm,3,72,0.44999999999999996,0.26,1.238217565122748,-0.21273441502489732,-0.5476939504313078,-0.013034595159592504,-0.0002734024263895844
6,0,8,0.6099502431117001,parkinson,117,18,228,6,0.15000000000000002,hmm,2,60,0.55,0.26,-0.1318827362283892,0.2478795931743718,-0.48021064922448586,0.6751065981571072,0.012210903023685802
6,0,9,0.8215100626986798,parkinson,26,15,151,6,0.2,hmm,3,48,0.75,0.19,0.6935972459017679,0.197773884797531,-0.3849444369193016,0.517593973583423,0.01248453769363326
6,1,0,0.20747927474479577,parkinson,63,20,103,6,0.25,hmm,3,24,0.7,0.14,0.9847328704560001,0.024100297949531058,-0.6614616848270574,0.34915102240853724,0.004862058479742024
6,1,1,0.25144769755422713,parkinson,148,24,46,18,0.2,quantile,2,60,0.35,0.17,0.5047782101169906,0.02892762125798498,-0.3666738944662321,0.20358042078093577,0.003339480287164297
6,1,2,0.7176952745134515,parkinson,42,7,128,18,0.35,hmm,2,48,0.75,0.29000000000000004,0.7621358751891352,0.21352653508574182,-0.5045937938718053,0.5012411312456233,0.00833987333372657
6,1,3,0.36780613283848884,parkinson,56,13,210,12,0.30000000000000004,hmm,3,48,0.6,0.27,1.276092487011045,0.04238310330539985,-0.5672674346850433,0.3092589524043348,0.004948930903373076
6,2,0,-0.4135907982087022,parkinson,200,20,178,24,0.15000000000000002,hmm,3,72,0.75,0.12000000000000001,0.2062036689206046,-0.1674578299730064,-0.4366685591936368,-0.007625001302000553,-0.00018844780878939815
6,2,1,-0.8024874092267231,parkinson,9,11,226,6,0.25,hmm,2,60,0.55,0.18,-0.7079540966852211,-0.23573042370413388,-0.4763981877826875,-0.3854368177595708,-0.006565846386543269
6,2,2,-1.1295883525655335,parkinson,35,6,99,12,0.1,hmm,3,24,0.75,0.26,-0.9583706038799988,-0.39811466854819677,-0.5426320887677503,-0.6405130656870793,-0.010800765077294971
6,2,3,1.630471822908446,parkinson,148,13,69,12,0.35,quantile,2,72,0.39999999999999997,0.14,1.735089997520352,0.152585364829654,-0.29272996652024774,0.531531884401027,0.012187189569480755
6,2,4,-0.2376203882158852,parkinson,92,9,165,18,0.25,quantile,3,48,0.44999999999999996,0.19,0.44580473185641345,-0.12656824805837508,-0.4203516595376967,-0.07674861934901953,-0.001396664532291954
6,2,5,-0.4197731033875867,parkinson,170,23,154,24,0.1,quantile,2,24,0.75,0.24000000000000002,0.2681693166989821,-0.18884104235279675,-0.4818387194124025,-0.056093667911902165,-0.0012146164121698408
6,2,6,-0.271635964398284,parkinson,183,22,146,6,0.30000000000000004,quantile,2,24,0.75,0.13,0.581783843309415,-0.1440593776831537,-0.3674130822305235,0.04777773725656095,0.0013813804704866618
6,2,7,-0.30972574272403625,parkinson,145,18,96,24,0.15000000000000002,quantile,3,36,0.75,0.15000000000000002,-0.010425023554974608,-0.11660837874475738,-0.47348334355421096,0.07334316387544797,0.001530244111540165
7,0,0,-0.4421883122350352,parkinson,41,9,166,24,0.25,quantile,3,48,0.6,0.29000000000000004,-0.7148158416982411,-0.10954801530607527,-0.5114740202539043,0.05192727372980397,0.0008675368942918597
7,0,1,1.2317025353732125,parkinson,54,5,225,12,0.25,quantile,2,60,0.6,0.28,0.2910253293713217,0.4488269246964107,-0.48456722401169394,0.8449383261093225,0.01406487602387392
7,0,2,-0.5217804388221016,parkinson,134,13,185,24,0.35,hmm,2,12,0.6,0.13,-0.4681942213487333,-0.149785353937129,-0.46920878602561467,0.006216201159664251,0.00011510743427511288
7,0,3,0.10701348394118895,parkinson,162,15,118,12,0.15000000000000002,quantile,3,48,0.55,0.12000000000000001,-0.4725991028234735,0.08792127839483732,-0.4736355961012656,0.4013017556171237,0.007112959716642301
7,0,4,1.1742954396275807,parkinson,81,12,222,12,0.25,hmm,3,12,0.6,0.2,-0.0749749801771224,0.3967775187651237,-0.39668342733184603,0.8014055091725101,0.0164288226872971
7,0,5,0.20256443562794985,parkinson,186,11,210,18,0.2,hmm,3,12,0.5,0.17,-0.6669766567947414,0.16479751050141345,-0.5870239428092392,0.5443841304198721,0.007626205843351282
7,0,6,0.4688482000466619,parkinson,115,11,73,12,0.1,quantile,2,24,0.44999999999999996,0.14,0.13251497796325445,0.15048440633762095,-0.4273116791011039,0.4642626457646654,0.00842057605112446
7,0,7,0.5990819757920495,parkinson,38,17,223,6,0.15000000000000002,hmm,2,12,0.7,0.16,-0.31613121649304626,0.2662458731012647,-0.4893449681812996,0.6230058989373879,0.01068356303449273
7,1,0,8.074889975892972,parkinson,12,5,159,12,0.2,hmm,2,12,0.75,0.3,1.790382894415651,1.4359397057370296,-0.20507582041960837,1.3956133621403144,0.045027732301474235
7,1,1,2.6474241510953322,parkinson,43,21,203,18,0.1,hmm,3,60,0.55,0.19,1.2612142416905474,0.6350197255854648,-0.3043539553868111,0.8490458754759671,0.019468342560894625
7,2,0,-0.8932751441413685,parkinson,27,14,83,12,0.15000000000000002,hmm,2,72,0.55,0.26,-0.6008096372049685,-0.19861676953361584,-0.3094062843883326,-0.1549833312565882,-0.004417458087970697
7,2,1,-0.5667273257194847,parkinson,66,14,171,18,0.35,quantile,2,72,0.7,0.11,0.49433460862772943,-0.43267929321795406,-0.7042486686747538,-0.09899719085723424,-0.0023289007298991503
7,2,2,-1.126644417780598,parkinson,14,19,70,6,0.15000000000000002,hmm,2,36,0.75,0.22,-1.422719714283218,-0.7285861221357426,-0.7412564857335814,-0.8178718365646566,-0.020018229397169022
7,2,3,-1.132185283797336,parkinson,9,14,194,6,0.25,hmm,3,24,0.7,0.29000000000000004,-0.9304283076495922,-0.682198326901208,-0.7079140413014874,-0.6616301706876389,-0.018256012924596127
7,2,4,0.32625284783631936,parkinson,26,23,201,24,0.25,quantile,2,48,0.5,0.14,0.30295763875750875,0.06556827842422419,-0.3193426022753806,0.312501573681831,0.006356550572393619
7,2,5,-0.9362714850358818,parkinson,52,21,173,12,0.2,quantile,2,48,0.55,0.1,-0.2632797654800811,-0.7154920732433341,-0.7475744999614841,-0.8630783977426837,-0.018972617984820528
7,2,6,-0.8790065631576868,parkinson,165,18,208,18,0.35,quantile,2,72,0.6,0.19,0.5636403624879852,-0.4886497687975251,-0.5933215015100659,-0.38823433250149086,-0.010138741069502006
7,2,7,-0.8022212203016265,parkinson,138,7,130,6,0.2,hmm,3,48,0.65,0.1,0.4334111574722265,-0.6031657418546299,-0.7134026683035865,-0.4610181266460624,-0.010846983042294034
